-- MySQL dump 10.13  Distrib 8.0.34, for Win64 (x86_64)
--
-- Host: localhost    Database: matthew_family_realty
-- ------------------------------------------------------
-- Server version	8.0.34

/*!40101 SET @OLD_CHARACTER_SET_CLIENT=@@CHARACTER_SET_CLIENT */;
/*!40101 SET @OLD_CHARACTER_SET_RESULTS=@@CHARACTER_SET_RESULTS */;
/*!40101 SET @OLD_COLLATION_CONNECTION=@@COLLATION_CONNECTION */;
/*!50503 SET NAMES utf8mb4 */;
/*!40103 SET @OLD_TIME_ZONE=@@TIME_ZONE */;
/*!40103 SET TIME_ZONE='+00:00' */;
/*!40014 SET @OLD_UNIQUE_CHECKS=@@UNIQUE_CHECKS, UNIQUE_CHECKS=0 */;
/*!40014 SET @OLD_FOREIGN_KEY_CHECKS=@@FOREIGN_KEY_CHECKS, FOREIGN_KEY_CHECKS=0 */;
/*!40101 SET @OLD_SQL_MODE=@@SQL_MODE, SQL_MODE='NO_AUTO_VALUE_ON_ZERO' */;
/*!40111 SET @OLD_SQL_NOTES=@@SQL_NOTES, SQL_NOTES=0 */;

--
-- Table structure for table `apartment_complex`
--

DROP TABLE IF EXISTS `apartment_complex`;
/*!40101 SET @saved_cs_client     = @@character_set_client */;
/*!50503 SET character_set_client = utf8mb4 */;
CREATE TABLE `apartment_complex` (
  `apartment_id` int NOT NULL,
  `is_dorm` tinyint(1) DEFAULT NULL,
  PRIMARY KEY (`apartment_id`)
) ENGINE=InnoDB DEFAULT CHARSET=utf8mb4 COLLATE=utf8mb4_0900_ai_ci;
/*!40101 SET character_set_client = @saved_cs_client */;

--
-- Dumping data for table `apartment_complex`
--

LOCK TABLES `apartment_complex` WRITE;
/*!40000 ALTER TABLE `apartment_complex` DISABLE KEYS */;
INSERT INTO `apartment_complex` VALUES (1,1),(2,1),(3,0),(4,1);
/*!40000 ALTER TABLE `apartment_complex` ENABLE KEYS */;
UNLOCK TABLES;

--
-- Table structure for table `apartment_suite`
--

DROP TABLE IF EXISTS `apartment_suite`;
/*!40101 SET @saved_cs_client     = @@character_set_client */;
/*!50503 SET character_set_client = utf8mb4 */;
CREATE TABLE `apartment_suite` (
  `suite_id` int NOT NULL,
  `room_number` smallint DEFAULT NULL,
  `floor` smallint DEFAULT NULL,
  `apartment_id` int DEFAULT NULL,
  `residence_id` int DEFAULT NULL,
  PRIMARY KEY (`suite_id`),
  KEY `apartment_id` (`apartment_id`),
  KEY `residence_id` (`residence_id`),
  CONSTRAINT `apartment_suite_ibfk_1` FOREIGN KEY (`apartment_id`) REFERENCES `apartment_complex` (`apartment_id`),
  CONSTRAINT `apartment_suite_ibfk_2` FOREIGN KEY (`residence_id`) REFERENCES `residence` (`residence_id`)
) ENGINE=InnoDB DEFAULT CHARSET=utf8mb4 COLLATE=utf8mb4_0900_ai_ci;
/*!40101 SET character_set_client = @saved_cs_client */;

--
-- Dumping data for table `apartment_suite`
--

LOCK TABLES `apartment_suite` WRITE;
/*!40000 ALTER TABLE `apartment_suite` DISABLE KEYS */;
INSERT INTO `apartment_suite` VALUES (1,1,8,3,213),(2,11,3,3,288),(3,10,4,4,116),(4,2,9,4,266),(5,7,1,1,373),(6,9,2,3,108),(7,1,5,1,61),(8,10,6,4,182),(9,19,3,4,333),(10,26,4,2,70),(11,12,5,3,303),(12,7,2,3,32),(13,27,1,3,301),(14,1,1,2,331),(15,2,5,4,383),(16,2,8,4,250),(17,16,8,1,225),(18,2,5,3,183),(19,10,6,1,389),(20,23,5,4,47),(21,4,2,2,29),(22,21,9,3,257),(23,24,4,4,379),(24,29,3,3,203),(25,12,8,4,1),(26,16,9,3,165),(27,28,9,3,4),(28,30,7,4,310),(29,28,9,4,360),(30,30,1,2,155),(31,14,3,3,392),(32,14,5,2,234),(33,16,3,1,272),(34,26,3,4,239),(35,5,2,4,51),(36,23,4,1,377),(37,20,9,2,154),(38,29,2,1,111),(39,30,2,2,364),(40,8,1,4,337),(41,14,7,1,393),(42,24,3,4,14),(43,5,5,3,374),(44,18,4,4,114),(45,27,9,2,347),(46,12,1,1,314),(47,14,6,3,329),(48,24,3,4,227),(49,28,6,2,391),(50,1,4,1,105),(51,28,1,2,269),(52,26,6,4,52),(53,1,3,1,109),(54,26,8,1,93),(55,16,6,4,192),(56,1,6,2,356),(57,8,5,4,207),(58,29,6,2,268),(59,14,3,2,144),(60,20,4,1,251),(61,12,9,3,134),(62,8,9,1,228),(63,30,5,2,139),(64,16,2,1,212),(65,1,4,3,74),(66,9,9,3,386),(67,11,8,3,390),(68,7,2,1,343),(69,22,5,1,334),(70,7,2,2,273),(71,13,3,4,346),(72,30,7,4,117),(73,17,9,3,22),(74,21,3,4,130),(75,1,5,1,210),(76,14,3,3,56),(77,22,3,4,181),(78,5,9,1,19),(79,28,1,3,241),(80,29,3,4,215),(81,20,8,4,88),(82,1,5,1,7),(83,17,1,1,143),(84,4,1,1,226),(85,25,2,3,44),(86,18,3,2,295),(87,3,3,2,90),(88,2,9,3,221),(89,13,8,4,229),(90,14,8,1,300),(91,30,3,3,148),(92,27,5,4,113),(93,21,3,3,73),(94,29,5,2,200),(95,25,3,3,256),(96,17,6,2,10),(97,5,7,2,296),(98,7,2,1,312),(99,4,2,1,294),(100,18,4,4,62),(101,1,7,1,209),(102,22,7,1,291),(103,3,8,1,376),(104,17,3,4,177),(105,15,7,4,5),(106,22,7,2,76),(107,2,4,1,79),(108,30,7,2,100),(109,24,5,3,321),(110,6,1,4,190),(111,25,2,3,98),(112,13,6,4,195),(113,17,9,4,65),(114,6,5,1,375),(115,30,5,2,338),(116,16,9,2,232),(117,12,1,3,185),(118,17,6,4,204),(119,30,4,4,252),(120,18,9,2,66),(121,18,2,4,249),(122,5,5,2,13),(123,3,7,3,396),(124,3,8,3,84),(125,16,9,3,92),(126,30,9,3,71),(127,22,2,4,119),(128,2,8,1,23),(129,12,5,1,146),(130,25,4,4,136),(131,10,3,4,297),(132,26,3,2,161),(133,11,1,3,358),(134,9,2,3,378),(135,16,4,4,274),(136,30,2,4,342),(137,3,1,3,398),(138,30,3,2,31),(139,16,7,4,42),(140,10,4,1,94),(141,4,4,1,132),(142,22,7,3,218),(143,24,9,4,169),(144,12,9,1,336),(145,28,3,3,319),(146,12,1,3,263),(147,4,8,4,37),(148,18,4,3,320),(149,19,7,4,279),(150,18,1,2,97);
/*!40000 ALTER TABLE `apartment_suite` ENABLE KEYS */;
UNLOCK TABLES;

--
-- Table structure for table `client`
--

DROP TABLE IF EXISTS `client`;
/*!40101 SET @saved_cs_client     = @@character_set_client */;
/*!50503 SET character_set_client = utf8mb4 */;
CREATE TABLE `client` (
  `client_id` int NOT NULL,
  `realtor_id` int DEFAULT NULL,
  `person_id` int DEFAULT NULL,
  PRIMARY KEY (`client_id`),
  KEY `person_id` (`person_id`),
  CONSTRAINT `client_ibfk_1` FOREIGN KEY (`person_id`) REFERENCES `person` (`person_id`)
) ENGINE=InnoDB DEFAULT CHARSET=utf8mb4 COLLATE=utf8mb4_0900_ai_ci;
/*!40101 SET character_set_client = @saved_cs_client */;

--
-- Dumping data for table `client`
--

LOCK TABLES `client` WRITE;
/*!40000 ALTER TABLE `client` DISABLE KEYS */;
INSERT INTO `client` VALUES (1,125,57),(2,45,385),(3,81,181),(4,1,362),(5,7,309),(6,22,193),(7,106,166),(8,82,178),(9,24,29),(10,71,223),(11,123,364),(12,86,20),(13,33,98),(14,29,284),(15,73,415),(16,54,387),(17,101,247),(18,29,278),(19,91,404),(20,118,334),(21,70,371),(22,114,76),(23,69,401),(24,85,174),(25,44,351),(26,92,437),(27,35,300),(28,1,396),(29,22,91),(30,38,495),(31,95,350),(32,34,70),(33,10,288),(34,93,275),(35,7,274),(36,78,214),(37,90,332),(38,101,185),(39,6,103),(40,110,60),(41,42,442),(42,76,222),(43,6,310),(44,11,400),(45,33,286),(46,16,369),(47,32,306),(48,45,191),(49,56,376),(50,76,462),(51,77,368),(52,98,291),(53,86,488),(54,36,138),(55,1,333),(56,72,444),(57,88,61),(58,14,125),(59,53,264),(60,15,173),(61,15,420),(62,26,320),(63,121,66),(64,88,118),(65,116,487),(66,17,317),(67,7,325),(68,106,123),(69,62,262),(70,50,353),(71,23,68),(72,113,283),(73,42,261),(74,66,477),(75,110,416),(76,20,379),(77,37,413),(78,6,144),(79,26,81),(80,81,440),(81,40,22),(82,39,380),(83,71,285),(84,74,74),(85,51,143),(86,90,136),(87,20,347),(88,114,0),(89,6,483),(90,48,6),(91,24,197),(92,83,446),(93,13,88),(94,100,83),(95,24,340),(96,118,365),(97,66,470),(98,120,468),(99,48,79),(100,20,393),(101,26,227),(102,59,172),(103,108,87),(104,92,459),(105,60,439),(106,37,139),(107,59,38),(108,87,175),(109,21,431),(110,109,2),(111,43,99),(112,84,244),(113,7,216),(114,1,363),(115,68,171),(116,15,270),(117,25,109),(118,72,496),(119,34,460),(120,64,217),(121,104,343),(122,46,206),(123,24,449),(124,28,102),(125,114,268),(126,114,304),(127,100,361),(128,47,62),(129,101,54),(130,16,179),(131,23,3),(132,3,50),(133,117,370),(134,93,313),(135,64,104),(136,103,493),(137,67,190),(138,44,233),(139,56,203),(140,20,472),(141,82,167),(142,76,443),(143,3,272),(144,111,295),(145,63,71),(146,121,152),(147,83,348),(148,121,156),(149,51,319),(150,15,330),(151,63,153),(152,116,323),(153,57,448),(154,116,354),(155,57,182),(156,77,43),(157,124,410),(158,47,403),(159,25,367),(160,125,366),(161,101,93),(162,35,377),(163,115,390),(164,67,188),(165,112,407),(166,54,86),(167,56,121),(168,93,378),(169,88,220),(170,108,41),(171,72,292),(172,30,252),(173,81,130),(174,120,263),(175,26,434),(176,52,229),(177,5,302),(178,97,452),(179,25,183),(180,46,326),(181,63,301),(182,74,430),(183,88,357),(184,92,381),(185,29,230),(186,119,397),(187,53,92),(188,32,260),(189,124,117),(190,11,256),(191,36,299),(192,75,248),(193,26,30),(194,29,27),(195,96,42),(196,38,94),(197,37,9),(198,89,201),(199,49,372),(200,86,132),(201,1,237),(202,76,85),(203,9,158),(204,18,239),(205,83,249),(206,24,126),(207,50,196),(208,87,481),(209,108,474),(210,76,236),(211,7,485),(212,100,273),(213,30,115),(214,119,246),(215,58,486),(216,103,164),(217,102,388),(218,49,4),(219,4,418),(220,67,287),(221,91,469),(222,38,162),(223,116,100),(224,114,97),(225,101,337),(226,46,279),(227,8,344),(228,35,428),(229,114,281),(230,86,386),(231,36,124),(232,90,394),(233,47,241),(234,29,406),(235,108,208),(236,93,329),(237,73,219),(238,96,383),(239,10,73),(240,114,417),(241,11,212),(242,123,480),(243,111,461),(244,2,194),(245,1,150),(246,118,218),(247,25,69),(248,55,28),(249,92,122),(250,35,90),(251,125,37),(252,20,311),(253,50,18),(254,116,290),(255,85,436),(256,61,52),(257,109,7),(258,69,338),(259,83,242),(260,78,307),(261,45,445),(262,5,360),(263,72,489),(264,1,277),(265,104,389),(266,93,113),(267,12,451),(268,46,324),(269,45,210),(270,64,23),(271,75,21),(272,72,155),(273,119,163),(274,53,10),(275,30,458),(276,124,170),(277,15,161),(278,106,265),(279,77,251),(280,72,14),(281,81,84),(282,3,499),(283,109,297),(284,7,25),(285,17,148),(286,98,497),(287,52,405),(288,64,228),(289,7,1),(290,26,250),(291,64,51),(292,81,8),(293,58,433),(294,15,165),(295,97,67),(296,99,160),(297,116,289),(298,78,478),(299,71,255),(300,53,134);
/*!40000 ALTER TABLE `client` ENABLE KEYS */;
UNLOCK TABLES;

--
-- Table structure for table `duplex`
--

DROP TABLE IF EXISTS `duplex`;
/*!40101 SET @saved_cs_client     = @@character_set_client */;
/*!50503 SET character_set_client = utf8mb4 */;
CREATE TABLE `duplex` (
  `duplex_id` int NOT NULL,
  `has_post_box` tinyint(1) DEFAULT NULL,
  `has_laundry` tinyint(1) DEFAULT NULL,
  `house_id` int DEFAULT NULL,
  PRIMARY KEY (`duplex_id`),
  KEY `house_id` (`house_id`),
  CONSTRAINT `duplex_ibfk_1` FOREIGN KEY (`house_id`) REFERENCES `house` (`house_id`)
) ENGINE=InnoDB DEFAULT CHARSET=utf8mb4 COLLATE=utf8mb4_0900_ai_ci;
/*!40101 SET character_set_client = @saved_cs_client */;

--
-- Dumping data for table `duplex`
--

LOCK TABLES `duplex` WRITE;
/*!40000 ALTER TABLE `duplex` DISABLE KEYS */;
INSERT INTO `duplex` VALUES (1,1,0,76),(2,1,1,96),(3,0,0,53),(4,1,0,38),(5,0,1,173),(6,1,1,159),(7,1,1,92),(8,0,0,7),(9,1,1,169),(10,0,0,184),(11,1,1,78),(12,0,1,37),(13,1,1,4),(14,0,0,101),(15,1,0,83),(16,1,1,145),(17,0,1,82),(18,0,0,157),(19,1,1,111),(20,0,0,99),(21,1,0,223),(22,1,0,55),(23,1,0,246),(24,0,0,152),(25,0,0,210),(26,1,0,144),(27,1,1,167),(28,1,0,125),(29,1,0,193),(30,0,1,233),(31,1,1,139),(32,1,0,62),(33,1,0,179),(34,1,0,43),(35,0,0,110),(36,1,0,59),(37,0,0,84),(38,0,0,89),(39,1,1,204),(40,1,0,91),(41,1,1,27),(42,0,1,132),(43,1,1,47),(44,0,0,237),(45,0,0,208),(46,1,0,209),(47,0,0,134),(48,1,1,61),(49,0,1,231),(50,0,0,105);
/*!40000 ALTER TABLE `duplex` ENABLE KEYS */;
UNLOCK TABLES;

--
-- Table structure for table `employee`
--

DROP TABLE IF EXISTS `employee`;
/*!40101 SET @saved_cs_client     = @@character_set_client */;
/*!50503 SET character_set_client = utf8mb4 */;
CREATE TABLE `employee` (
  `employee_id` int NOT NULL,
  `join_date` date DEFAULT NULL,
  `commission` decimal(9,2) DEFAULT NULL,
  `hours_worked` int DEFAULT NULL,
  `hourly_rate` decimal(5,2) DEFAULT NULL,
  `work_email` varchar(256) DEFAULT NULL,
  `person_id` int DEFAULT NULL,
  PRIMARY KEY (`employee_id`),
  KEY `person_id` (`person_id`),
  CONSTRAINT `employee_ibfk_1` FOREIGN KEY (`person_id`) REFERENCES `person` (`person_id`)
) ENGINE=InnoDB DEFAULT CHARSET=utf8mb4 COLLATE=utf8mb4_0900_ai_ci;
/*!40101 SET character_set_client = @saved_cs_client */;

--
-- Dumping data for table `employee`
--

LOCK TABLES `employee` WRITE;
/*!40000 ALTER TABLE `employee` DISABLE KEYS */;
INSERT INTO `employee` VALUES (1,'2020-01-28',1065.64,31081,65.98,'MaynardH@matthew.realty.org',81),(2,'2007-05-01',1075.76,40389,55.05,'PughJ@matthew.realty.org',89),(3,'1998-11-23',123161.61,62032,95.47,'StevensonQ@matthew.realty.org',174),(4,'2012-12-05',117090.18,106960,45.84,'DickersonJ@matthew.realty.org',110),(5,'1997-03-14',1255.21,55026,86.69,'WhitakerF@matthew.realty.org',494),(6,'1993-03-11',32531.22,101205,84.37,'MasseyB@matthew.realty.org',444),(7,'2020-03-21',1104.98,22931,61.66,'WigginsL@matthew.realty.org',419),(8,'2018-01-04',221439.10,85483,46.92,'DennisT@matthew.realty.org',78),(9,'2022-06-07',2741.41,14991,76.25,'ButlerN@matthew.realty.org',355),(10,'2022-03-15',6301.25,24010,65.93,'CottonD@matthew.realty.org',272),(11,'2016-03-25',31134.43,42728,38.02,'SykesS@matthew.realty.org',173),(12,'1983-11-18',35400.43,111453,89.70,'RomeroC@matthew.realty.org',469),(13,'1992-02-15',140892.52,76358,78.92,'BrownS@matthew.realty.org',48),(14,'2017-07-20',63285.19,67168,72.59,'ParrishG@matthew.realty.org',373),(15,'1999-03-25',1000.89,73461,52.00,'GilesC@matthew.realty.org',430),(16,'1994-02-26',4232.47,129672,49.35,'CarterP@matthew.realty.org',211),(17,'2013-09-09',49111.10,36054,43.39,'PerryM@matthew.realty.org',197),(18,'2018-10-13',253921.56,118844,96.60,'WoodardO@matthew.realty.org',150),(19,'2020-04-28',84591.82,15670,31.98,'GuyC@matthew.realty.org',404),(20,'2023-02-24',35296.83,14310,67.28,'RosarioJ@matthew.realty.org',117),(21,'1987-04-16',163639.01,87433,88.05,'DoyleM@matthew.realty.org',479),(22,'2013-03-28',2304.61,29889,67.26,'PateK@matthew.realty.org',50),(23,'2011-09-23',34825.86,58288,93.77,'AguilarC@matthew.realty.org',375),(24,'2010-10-15',71239.27,72844,78.13,'McgeeR@matthew.realty.org',445),(25,'2022-10-06',1117.28,17480,37.35,'DicksonS@matthew.realty.org',195),(26,'2010-01-14',196038.08,56807,78.24,'WorkmanC@matthew.realty.org',257),(27,'2010-11-01',20435.80,26078,68.34,'DavisO@matthew.realty.org',27),(28,'1991-10-10',18191.55,63126,52.32,'SlaterN@matthew.realty.org',338),(29,'2021-02-11',34455.37,15254,94.19,'MorrowB@matthew.realty.org',483),(30,'2001-08-11',44961.51,57300,36.20,'EstesZ@matthew.realty.org',472),(31,'1991-07-27',218049.66,93543,37.44,'NielsenS@matthew.realty.org',80),(32,'2006-03-22',121511.31,54115,96.19,'ElliottB@matthew.realty.org',413),(33,'2014-04-19',151533.45,29757,98.72,'SchmidtL@matthew.realty.org',72),(34,'1987-01-14',55949.00,107783,77.22,'MannC@matthew.realty.org',86),(35,'2021-01-10',77072.22,56146,46.10,'GreeneK@matthew.realty.org',207),(36,'2012-12-09',1722.56,15655,92.42,'GambleA@matthew.realty.org',6),(37,'1989-07-07',25636.59,81671,74.51,'SchneiderP@matthew.realty.org',410),(38,'1967-07-04',8483.48,119245,32.86,'FlowersE@matthew.realty.org',237),(39,'2018-01-02',221267.40,46908,91.02,'EmersonZ@matthew.realty.org',296),(40,'2018-09-15',1256.87,48522,97.69,'GrossN@matthew.realty.org',203),(41,'2008-10-29',1000.04,96613,98.12,'WynnH@matthew.realty.org',90),(42,'2022-02-28',56094.23,78326,52.23,'KnowlesG@matthew.realty.org',236),(43,'1998-06-30',119559.68,53604,46.68,'WarrenN@matthew.realty.org',63),(44,'2021-02-17',115895.46,33565,97.44,'StricklandA@matthew.realty.org',432),(45,'2003-06-09',1078.17,64105,59.77,'WhitfieldO@matthew.realty.org',4),(46,'1997-01-24',2376.01,46976,59.96,'RobertsonD@matthew.realty.org',192),(47,'2021-07-07',1949.78,29814,40.75,'PrattT@matthew.realty.org',147),(48,'1992-12-02',80417.27,79954,60.35,'JensenC@matthew.realty.org',364),(49,'2021-11-26',4431.68,27782,60.49,'BradleyM@matthew.realty.org',227),(50,'1986-09-30',15167.54,61654,60.99,'PachecoL@matthew.realty.org',201),(51,'2011-07-11',2294.88,76940,82.91,'AdkinsB@matthew.realty.org',43),(52,'2022-02-13',237073.82,72976,98.36,'WilsonL@matthew.realty.org',123),(53,'2013-07-26',3533.14,78299,80.93,'StewartE@matthew.realty.org',39),(54,'1987-04-02',3131.21,57771,74.65,'KerrA@matthew.realty.org',202),(55,'1982-02-26',54518.03,128254,30.63,'RandolphH@matthew.realty.org',420),(56,'2019-09-12',1001.63,18596,30.16,'ByrdM@matthew.realty.org',360),(57,'2013-06-13',2605.74,23552,43.45,'MorinS@matthew.realty.org',17),(58,'2017-10-27',17487.93,77400,77.61,'BoltonA@matthew.realty.org',299),(59,'2012-06-21',1071.81,48545,71.19,'WongM@matthew.realty.org',388),(60,'2002-11-14',1000.02,32145,50.10,'O\'connorL@matthew.realty.org',350),(61,'2020-08-30',8075.38,7961,91.53,'CortezM@matthew.realty.org',308),(62,'2000-12-19',1015.32,74538,70.78,'BentonV@matthew.realty.org',400),(63,'2012-02-23',10019.16,60179,57.77,'SantosP@matthew.realty.org',331),(64,'2018-12-29',1120.98,17072,95.75,'DelgadoM@matthew.realty.org',44),(65,'2022-08-06',62715.04,21616,83.37,'SkinnerK@matthew.realty.org',359),(66,'1993-01-07',111254.34,55561,88.77,'BarnettM@matthew.realty.org',291),(67,'2012-08-28',1186.52,35631,40.12,'HensonD@matthew.realty.org',358),(68,'1979-05-25',6421.62,114642,66.73,'StaffordM@matthew.realty.org',446),(69,'1990-03-12',108294.55,112610,34.64,'BowersT@matthew.realty.org',378),(70,'1993-04-21',66145.46,70607,90.18,'VargasC@matthew.realty.org',407),(71,'2008-10-05',1165.74,79974,68.02,'NortonG@matthew.realty.org',175),(72,'2015-05-22',19522.17,19142,76.95,'MccallX@matthew.realty.org',273),(73,'2002-11-02',4719.65,75370,63.33,'MontoyaK@matthew.realty.org',417),(74,'2003-04-01',246604.56,82382,49.58,'LoweE@matthew.realty.org',342),(75,'2014-01-18',1132.44,28247,80.42,'CooleyJ@matthew.realty.org',15),(76,'1997-09-23',83186.51,42286,89.81,'SchultzK@matthew.realty.org',101),(77,'1995-11-10',205767.57,134719,80.68,'NobleD@matthew.realty.org',34),(78,'2023-01-30',196931.79,74486,66.24,'SparksB@matthew.realty.org',312),(79,'2011-06-05',1026.25,23704,56.01,'NavarroM@matthew.realty.org',329),(80,'1962-07-27',9230.50,110609,64.34,'MccrayF@matthew.realty.org',55),(81,'2006-11-05',1002.12,95851,35.96,'CraigS@matthew.realty.org',218),(82,'2009-10-26',42500.24,31968,80.67,'DaltonM@matthew.realty.org',206),(83,'1967-01-26',1000.71,117037,65.57,'GrahamB@matthew.realty.org',221),(84,'2022-12-03',40108.25,24290,38.01,'ShawG@matthew.realty.org',460),(85,'2008-04-29',1056.96,42135,89.78,'McmillanC@matthew.realty.org',248),(86,'1996-02-18',70779.25,82380,56.10,'WongK@matthew.realty.org',165),(87,'2008-07-13',7845.82,46434,58.47,'BowmanE@matthew.realty.org',37),(88,'2002-07-09',10326.01,48257,48.19,'KnowlesD@matthew.realty.org',164),(89,'2008-12-23',166300.96,38466,41.65,'RatliffL@matthew.realty.org',269),(90,'1994-07-31',171991.19,71999,78.83,'SosaM@matthew.realty.org',1),(91,'2013-08-05',14037.20,31867,39.75,'WarnerC@matthew.realty.org',497),(92,'2018-01-22',4087.64,12569,39.05,'FranklinD@matthew.realty.org',208),(93,'2008-01-30',12187.12,22824,54.19,'FordR@matthew.realty.org',294),(94,'2000-07-05',1363.85,130011,47.53,'WallE@matthew.realty.org',182),(95,'2020-05-22',114381.50,36005,63.44,'CamachoB@matthew.realty.org',474),(96,'1997-07-17',18047.74,85156,95.65,'PetersonW@matthew.realty.org',204),(97,'1998-07-12',226815.63,84345,70.77,'DonovanC@matthew.realty.org',281),(98,'2019-09-13',29464.72,67099,48.85,'HodgeH@matthew.realty.org',124),(99,'2019-05-06',1000.01,81708,76.84,'FrazierR@matthew.realty.org',238),(100,'1981-05-24',1233.36,91973,75.03,'ShafferA@matthew.realty.org',392),(101,'2021-02-17',298439.86,116713,56.71,'OsbornC@matthew.realty.org',168),(102,'1990-12-04',1000.25,102561,66.80,'MoranE@matthew.realty.org',370),(103,'2021-05-23',7248.07,46083,84.65,'KiddA@matthew.realty.org',157),(104,'2013-10-18',2633.99,27474,66.83,'SchmidtG@matthew.realty.org',344),(105,'1968-03-28',5887.56,118703,50.42,'MontoyaO@matthew.realty.org',346),(106,'2016-04-26',3196.98,13742,50.84,'NoelN@matthew.realty.org',234),(107,'2019-06-17',207754.65,23986,62.58,'StricklandA@matthew.realty.org',152),(108,'2018-12-12',1167.03,119798,50.49,'GarzaN@matthew.realty.org',293),(109,'2013-08-29',59061.67,64772,72.42,'ElliottC@matthew.realty.org',47),(110,'2018-10-01',197193.28,31787,77.97,'ValdezD@matthew.realty.org',19),(111,'2000-11-25',165714.17,55372,73.64,'ColonJ@matthew.realty.org',59),(112,'2007-12-05',216297.12,46185,77.63,'RojasN@matthew.realty.org',116),(113,'2019-05-23',1099.97,16931,66.86,'BartlettB@matthew.realty.org',135),(114,'1999-12-20',3126.00,83217,46.12,'UnderwoodJ@matthew.realty.org',459),(115,'2018-02-21',9208.45,90445,83.83,'WarrenH@matthew.realty.org',180),(116,'2017-01-10',30316.54,11449,77.12,'LambertR@matthew.realty.org',276),(117,'2006-09-05',1001.58,101861,62.66,'PachecoE@matthew.realty.org',441),(118,'2004-09-22',1000.48,82435,49.63,'BradfordR@matthew.realty.org',307),(119,'2012-09-24',230323.09,43213,35.13,'KerrN@matthew.realty.org',93),(120,'2005-10-13',175176.66,49350,79.87,'JusticeK@matthew.realty.org',418),(121,'2001-11-26',283235.57,65867,59.14,'EverettS@matthew.realty.org',268),(122,'1969-05-20',260232.88,126274,84.42,'MichaelL@matthew.realty.org',487),(123,'2016-01-28',3466.49,12701,37.01,'SharpM@matthew.realty.org',323),(124,'2014-11-20',246953.34,100452,58.60,'DickersonS@matthew.realty.org',315),(125,'2010-02-12',57759.31,40775,63.91,'KirbyA@matthew.realty.org',251),(126,'2002-11-03',84139.25,40222,81.94,'ChristianK@matthew.realty.org',436),(127,'2018-09-03',1130.28,52122,77.51,'GutierrezJ@matthew.realty.org',261),(128,'2023-06-06',35547.96,35845,31.58,'MartinH@matthew.realty.org',427),(129,'1992-10-03',20141.41,105300,87.69,'MurrayG@matthew.realty.org',68),(130,'2009-08-28',15495.11,59519,34.79,'StokesN@matthew.realty.org',141),(131,'2001-06-08',299215.83,47640,80.87,'BookerH@matthew.realty.org',449),(132,'2020-07-08',2264.92,8297,63.37,'BallS@matthew.realty.org',379),(133,'2002-02-02',9767.56,94806,64.30,'HartS@matthew.realty.org',300),(134,'2014-10-16',116138.97,134208,34.75,'LeonardB@matthew.realty.org',130),(135,'2009-06-01',1056.04,58430,96.93,'MunozS@matthew.realty.org',87),(136,'2019-01-13',42876.87,13000,39.89,'TravisG@matthew.realty.org',240),(137,'2010-07-10',131627.60,81025,45.10,'HowellI@matthew.realty.org',61),(138,'2011-02-10',1030.12,98535,83.71,'MendozaI@matthew.realty.org',193),(139,'2018-10-07',218366.77,70504,74.06,'VasquezG@matthew.realty.org',226),(140,'2019-06-27',14222.13,34058,38.95,'IrwinH@matthew.realty.org',458),(141,'1974-12-08',42228.21,97643,67.23,'BaileyK@matthew.realty.org',475),(142,'1994-11-24',199135.96,58541,41.66,'EvansK@matthew.realty.org',209),(143,'2004-12-27',1074.14,48092,80.50,'CarpenterL@matthew.realty.org',161),(144,'1999-08-23',2038.65,50225,66.97,'HartmanA@matthew.realty.org',188),(145,'1995-09-02',10469.22,65080,87.00,'WallS@matthew.realty.org',196),(146,'2017-09-01',4487.75,106242,68.45,'DawsonM@matthew.realty.org',340),(147,'2014-08-25',292469.05,50200,47.44,'BrowningK@matthew.realty.org',67),(148,'2016-09-30',1041.25,69950,54.62,'ConradJ@matthew.realty.org',452),(149,'2000-09-07',15022.40,54316,91.93,'HooverD@matthew.realty.org',103),(150,'1992-03-04',55786.99,51827,44.10,'MccallT@matthew.realty.org',42);
/*!40000 ALTER TABLE `employee` ENABLE KEYS */;
UNLOCK TABLES;

--
-- Table structure for table `house`
--

DROP TABLE IF EXISTS `house`;
/*!40101 SET @saved_cs_client     = @@character_set_client */;
/*!50503 SET character_set_client = utf8mb4 */;
CREATE TABLE `house` (
  `house_id` int NOT NULL,
  `air_conditioning` varchar(20) DEFAULT NULL,
  `has_gas` tinyint(1) DEFAULT NULL,
  `floor_count` smallint DEFAULT NULL,
  `house_ownership_association` varchar(80) DEFAULT NULL,
  `residence_id` int DEFAULT NULL,
  PRIMARY KEY (`house_id`),
  KEY `residence_id` (`residence_id`),
  CONSTRAINT `house_ibfk_1` FOREIGN KEY (`residence_id`) REFERENCES `residence` (`residence_id`)
) ENGINE=InnoDB DEFAULT CHARSET=utf8mb4 COLLATE=utf8mb4_0900_ai_ci;
/*!40101 SET character_set_client = @saved_cs_client */;

--
-- Dumping data for table `house`
--

LOCK TABLES `house` WRITE;
/*!40000 ALTER TABLE `house` DISABLE KEYS */;
INSERT INTO `house` VALUES (1,'Split unit',1,8,'Rise and Shine',43),(2,'Central unit',0,4,'Sunrise Valley',147),(3,'Central unit',0,7,'Golden Sunshine',355),(4,'Split unit',1,7,'Green Oasis',276),(5,'Central unit',1,8,'Green Oasis',367),(6,'Split unit',0,10,'Rise and Shine',112),(7,'No Heating',1,4,'Golden Sunshine',87),(8,'Geothermal',0,9,'Green Oasis',283),(9,'Central unit',1,2,'Rise and Shine',217),(10,'No Heating',0,10,'Rise and Shine',21),(11,'No Heating',0,5,'New Leaf',286),(12,'Geothermal',0,6,'Rise and Shine',67),(13,'No Heating',1,4,'Green Oasis',140),(14,'No Heating',1,1,'Golden Sunshine',197),(15,'Split unit',1,5,'Rise and Shine',357),(16,'Central unit',0,10,'Golden Sunshine',162),(17,'No Heating',0,9,'Golden Sunshine',11),(18,'Central unit',1,1,'Green Oasis',163),(19,'Central unit',0,9,'Rise and Shine',381),(20,'Split unit',0,3,'Rise and Shine',247),(21,'Split unit',0,3,'Rise and Shine',341),(22,'Split unit',0,5,'New Leaf',230),(23,'Geothermal',1,4,'Sunrise Valley',196),(24,'Split unit',0,6,'Green Oasis',317),(25,'Split unit',1,8,'Golden Sunshine',270),(26,'Split unit',1,4,'New Leaf',38),(27,'Split unit',0,6,'Sunrise Valley',352),(28,'Central unit',1,8,'Golden Sunshine',233),(29,'No Heating',0,7,'Rise and Shine',189),(30,'Geothermal',0,2,'Green Oasis',159),(31,'No Heating',0,10,'Golden Sunshine',153),(32,'Central unit',1,3,'Golden Sunshine',258),(33,'Geothermal',0,7,'New Leaf',174),(34,'No Heating',0,4,'Rise and Shine',8),(35,'Central unit',1,5,'Green Oasis',330),(36,'Split unit',1,10,'Green Oasis',231),(37,'Geothermal',0,6,'New Leaf',290),(38,'Central unit',0,5,'Rise and Shine',220),(39,'No Heating',0,2,'New Leaf',304),(40,'Split unit',1,5,'New Leaf',271),(41,'Split unit',0,10,'Green Oasis',126),(42,'Central unit',0,8,'Sunrise Valley',353),(43,'Geothermal',0,7,'Golden Sunshine',259),(44,'Central unit',1,10,'Rise and Shine',359),(45,'Central unit',0,10,'New Leaf',179),(46,'No Heating',1,8,'Green Oasis',41),(47,'No Heating',0,1,'Green Oasis',201),(48,'Central unit',1,6,'Sunrise Valley',57),(49,'Split unit',0,2,'Rise and Shine',133),(50,'Split unit',0,9,'Golden Sunshine',107),(51,'No Heating',1,5,'Sunrise Valley',350),(52,'Geothermal',0,1,'Golden Sunshine',124),(53,'Geothermal',1,4,'Sunrise Valley',307),(54,'Central unit',1,8,'Rise and Shine',25),(55,'Geothermal',1,3,'Rise and Shine',80),(56,'Split unit',1,7,'Sunrise Valley',382),(57,'No Heating',1,9,'Golden Sunshine',265),(58,'Split unit',1,3,'New Leaf',344),(59,'Split unit',1,1,'Golden Sunshine',110),(60,'Split unit',1,2,'Golden Sunshine',299),(61,'Geothermal',0,8,'Golden Sunshine',24),(62,'No Heating',1,10,'Rise and Shine',216),(63,'Split unit',0,3,'Green Oasis',28),(64,'No Heating',1,7,'New Leaf',175),(65,'Central unit',0,1,'Rise and Shine',214),(66,'Split unit',1,2,'New Leaf',115),(67,'Central unit',0,6,'Rise and Shine',348),(68,'No Heating',1,1,'Rise and Shine',36),(69,'Central unit',1,9,'Sunrise Valley',387),(70,'No Heating',1,9,'Green Oasis',121),(71,'Central unit',1,1,'Sunrise Valley',12),(72,'Split unit',1,1,'Green Oasis',137),(73,'No Heating',0,10,'Sunrise Valley',99),(74,'Split unit',1,9,'Sunrise Valley',244),(75,'Central unit',1,10,'Green Oasis',202),(76,'Central unit',0,10,'New Leaf',54),(77,'Central unit',1,2,'New Leaf',2),(78,'Central unit',1,1,'Green Oasis',168),(79,'No Heating',1,7,'Sunrise Valley',326),(80,'Geothermal',1,8,'Green Oasis',49),(81,'No Heating',0,10,'New Leaf',158),(82,'No Heating',0,3,'Rise and Shine',138),(83,'No Heating',1,10,'Sunrise Valley',75),(84,'Split unit',0,4,'Rise and Shine',287),(85,'Geothermal',0,1,'Rise and Shine',305),(86,'Central unit',0,4,'New Leaf',370),(87,'No Heating',0,10,'Sunrise Valley',33),(88,'Split unit',0,1,'Green Oasis',313),(89,'Split unit',0,5,'Green Oasis',81),(90,'No Heating',0,2,'Green Oasis',275),(91,'Split unit',0,10,'Green Oasis',20),(92,'Split unit',0,1,'Golden Sunshine',255),(93,'Central unit',0,6,'Rise and Shine',206),(94,'Split unit',1,8,'Sunrise Valley',157),(95,'No Heating',1,5,'Rise and Shine',262),(96,'No Heating',1,8,'Sunrise Valley',18),(97,'Split unit',0,4,'New Leaf',34),(98,'Split unit',0,9,'New Leaf',365),(99,'No Heating',0,1,'Sunrise Valley',131),(100,'Geothermal',0,2,'New Leaf',78),(101,'Central unit',0,7,'New Leaf',123),(102,'Split unit',0,8,'Green Oasis',103),(103,'No Heating',1,9,'Sunrise Valley',125),(104,'Central unit',1,10,'Golden Sunshine',152),(105,'Split unit',1,5,'Green Oasis',205),(106,'Geothermal',0,8,'Sunrise Valley',170),(107,'Geothermal',1,10,'New Leaf',354),(108,'Split unit',0,3,'Rise and Shine',173),(109,'Geothermal',1,9,'Green Oasis',193),(110,'Geothermal',0,5,'Sunrise Valley',335),(111,'Geothermal',0,2,'Rise and Shine',349),(112,'Geothermal',0,5,'Sunrise Valley',151),(113,'Central unit',0,5,'Rise and Shine',167),(114,'Split unit',1,10,'Sunrise Valley',246),(115,'Central unit',0,3,'New Leaf',58),(116,'No Heating',0,2,'Sunrise Valley',141),(117,'Geothermal',1,7,'Golden Sunshine',316),(118,'Central unit',0,8,'Golden Sunshine',27),(119,'Central unit',0,3,'Sunrise Valley',315),(120,'Geothermal',0,6,'Golden Sunshine',366),(121,'Geothermal',1,5,'Sunrise Valley',368),(122,'Central unit',0,2,'New Leaf',122),(123,'No Heating',0,10,'Golden Sunshine',322),(124,'Split unit',0,6,'Rise and Shine',224),(125,'Central unit',0,10,'Sunrise Valley',45),(126,'Split unit',1,2,'Sunrise Valley',46),(127,'Central unit',1,2,'New Leaf',325),(128,'Geothermal',0,6,'Green Oasis',17),(129,'No Heating',0,9,'Rise and Shine',302),(130,'No Heating',1,9,'Golden Sunshine',394),(131,'Geothermal',0,6,'Green Oasis',292),(132,'Geothermal',1,9,'Sunrise Valley',91),(133,'No Heating',1,4,'Rise and Shine',237),(134,'Geothermal',0,3,'New Leaf',160),(135,'Geothermal',1,6,'Golden Sunshine',311),(136,'Split unit',0,6,'Green Oasis',104),(137,'Geothermal',0,4,'Green Oasis',289),(138,'Geothermal',0,5,'Golden Sunshine',59),(139,'Split unit',0,9,'Golden Sunshine',395),(140,'Central unit',0,6,'Golden Sunshine',260),(141,'Geothermal',1,7,'Green Oasis',128),(142,'No Heating',0,7,'Golden Sunshine',282),(143,'No Heating',1,7,'Green Oasis',332),(144,'Central unit',1,1,'Sunrise Valley',149),(145,'Geothermal',1,4,'Rise and Shine',318),(146,'Geothermal',1,4,'Green Oasis',95),(147,'Split unit',0,2,'New Leaf',384),(148,'Geothermal',1,2,'Rise and Shine',371),(149,'Split unit',1,9,'Sunrise Valley',35),(150,'No Heating',1,9,'Rise and Shine',380),(151,'Central unit',1,7,'New Leaf',176),(152,'Geothermal',1,2,'Sunrise Valley',327),(153,'No Heating',1,8,'Rise and Shine',242),(154,'No Heating',0,10,'Rise and Shine',267),(155,'Geothermal',1,9,'Golden Sunshine',277),(156,'Geothermal',1,6,'New Leaf',306),(157,'Central unit',1,2,'Golden Sunshine',9),(158,'No Heating',1,2,'New Leaf',186),(159,'No Heating',1,5,'Golden Sunshine',40),(160,'Split unit',0,8,'Sunrise Valley',362),(161,'Geothermal',1,10,'Rise and Shine',96),(162,'Split unit',1,2,'Rise and Shine',194),(163,'No Heating',0,10,'Golden Sunshine',399),(164,'Geothermal',0,1,'Sunrise Valley',293),(165,'Split unit',0,9,'Green Oasis',171),(166,'Geothermal',1,3,'Green Oasis',53),(167,'Geothermal',0,9,'Rise and Shine',281),(168,'No Heating',0,2,'Green Oasis',261),(169,'Split unit',1,1,'Rise and Shine',323),(170,'Central unit',1,6,'Sunrise Valley',198),(171,'Geothermal',1,1,'Rise and Shine',184),(172,'Central unit',0,10,'Green Oasis',235),(173,'No Heating',1,7,'Green Oasis',361),(174,'Central unit',0,9,'Rise and Shine',278),(175,'Central unit',0,7,'New Leaf',400),(176,'Split unit',0,2,'New Leaf',188),(177,'Split unit',1,1,'New Leaf',118),(178,'No Heating',0,2,'Green Oasis',26),(179,'No Heating',1,9,'Sunrise Valley',63),(180,'Split unit',1,6,'Rise and Shine',48),(181,'Geothermal',0,5,'New Leaf',30),(182,'Central unit',1,9,'Sunrise Valley',308),(183,'Geothermal',0,1,'Green Oasis',6),(184,'Geothermal',0,3,'Green Oasis',180),(185,'Central unit',1,8,'Rise and Shine',243),(186,'No Heating',1,7,'Green Oasis',127),(187,'Geothermal',0,3,'Green Oasis',120),(188,'Central unit',1,9,'New Leaf',178),(189,'Geothermal',0,5,'Rise and Shine',309),(190,'Central unit',1,6,'New Leaf',172),(191,'Geothermal',1,7,'Golden Sunshine',284),(192,'Split unit',1,9,'Green Oasis',240),(193,'Central unit',0,9,'Rise and Shine',236),(194,'Central unit',0,8,'Rise and Shine',248),(195,'Geothermal',0,8,'Rise and Shine',150),(196,'Geothermal',1,9,'Golden Sunshine',166),(197,'Central unit',0,2,'Rise and Shine',39),(198,'Split unit',1,9,'New Leaf',369),(199,'Central unit',1,1,'Rise and Shine',388),(200,'Central unit',0,10,'Sunrise Valley',254),(201,'Split unit',1,5,'Golden Sunshine',345),(202,'Geothermal',1,7,'Sunrise Valley',129),(203,'Geothermal',0,4,'Green Oasis',191),(204,'No Heating',1,9,'Rise and Shine',156),(205,'Geothermal',1,1,'Sunrise Valley',15),(206,'Geothermal',1,3,'New Leaf',64),(207,'Geothermal',1,5,'Green Oasis',245),(208,'No Heating',1,3,'Sunrise Valley',106),(209,'Geothermal',0,10,'New Leaf',187),(210,'Geothermal',1,8,'New Leaf',142),(211,'No Heating',0,8,'Green Oasis',298),(212,'No Heating',0,9,'New Leaf',89),(213,'Central unit',0,10,'New Leaf',77),(214,'Geothermal',1,10,'Rise and Shine',208),(215,'Split unit',1,10,'Sunrise Valley',280),(216,'Central unit',0,10,'Rise and Shine',324),(217,'No Heating',0,6,'Sunrise Valley',372),(218,'Geothermal',0,7,'Golden Sunshine',164),(219,'Central unit',0,2,'Golden Sunshine',328),(220,'Geothermal',0,5,'Rise and Shine',72),(221,'Split unit',0,3,'Golden Sunshine',238),(222,'Split unit',0,5,'Rise and Shine',3),(223,'Central unit',0,3,'Green Oasis',16),(224,'Geothermal',1,9,'Sunrise Valley',83),(225,'Central unit',1,4,'Sunrise Valley',397),(226,'Geothermal',1,2,'New Leaf',85),(227,'Central unit',0,2,'Sunrise Valley',69),(228,'Central unit',0,9,'Golden Sunshine',199),(229,'Central unit',1,4,'Golden Sunshine',339),(230,'No Heating',0,6,'Rise and Shine',253),(231,'No Heating',1,9,'Green Oasis',223),(232,'Geothermal',1,1,'Green Oasis',264),(233,'Central unit',0,9,'Sunrise Valley',101),(234,'Geothermal',0,6,'Rise and Shine',86),(235,'Geothermal',0,8,'Golden Sunshine',285),(236,'Split unit',0,10,'Rise and Shine',363),(237,'Split unit',0,3,'Green Oasis',68),(238,'Geothermal',0,3,'Rise and Shine',55),(239,'No Heating',1,1,'Rise and Shine',82),(240,'Split unit',1,10,'Sunrise Valley',351),(241,'No Heating',1,5,'Green Oasis',102),(242,'Central unit',0,4,'Golden Sunshine',60),(243,'Central unit',0,10,'Golden Sunshine',385),(244,'No Heating',1,10,'Sunrise Valley',222),(245,'Split unit',1,6,'Golden Sunshine',135),(246,'No Heating',1,2,'Golden Sunshine',340),(247,'Central unit',0,9,'Rise and Shine',219),(248,'Central unit',0,5,'New Leaf',50),(249,'Split unit',1,10,'Rise and Shine',211),(250,'Central unit',0,8,'Rise and Shine',145);
/*!40000 ALTER TABLE `house` ENABLE KEYS */;
UNLOCK TABLES;

--
-- Table structure for table `manager`
--

DROP TABLE IF EXISTS `manager`;
/*!40101 SET @saved_cs_client     = @@character_set_client */;
/*!50503 SET character_set_client = utf8mb4 */;
CREATE TABLE `manager` (
  `manager_id` int NOT NULL,
  `status` varchar(20) DEFAULT NULL,
  `employee_id` int DEFAULT NULL,
  PRIMARY KEY (`manager_id`),
  KEY `employee_id` (`employee_id`),
  CONSTRAINT `manager_ibfk_1` FOREIGN KEY (`employee_id`) REFERENCES `employee` (`employee_id`)
) ENGINE=InnoDB DEFAULT CHARSET=utf8mb4 COLLATE=utf8mb4_0900_ai_ci;
/*!40101 SET character_set_client = @saved_cs_client */;

--
-- Dumping data for table `manager`
--

LOCK TABLES `manager` WRITE;
/*!40000 ALTER TABLE `manager` DISABLE KEYS */;
INSERT INTO `manager` VALUES (1,'Lead',70),(2,'Partner',145),(3,'Partner',96),(4,'Lead',66),(5,'Junior',40),(6,'Senior',3),(7,'Senior',36),(8,'Partner',33),(9,'Junior',61),(10,'Junior',21),(11,'Senior',44),(12,'Junior',64),(13,'Partner',23),(14,'Lead',129),(15,'Junior',76),(16,'Partner',32),(17,'Junior',39),(18,'Junior',135),(19,'Lead',85),(20,'Senior',18),(21,'Lead',52),(22,'Junior',12),(23,'Senior',149),(24,'Partner',29),(25,'Partner',41);
/*!40000 ALTER TABLE `manager` ENABLE KEYS */;
UNLOCK TABLES;

--
-- Table structure for table `person`
--

DROP TABLE IF EXISTS `person`;
/*!40101 SET @saved_cs_client     = @@character_set_client */;
/*!50503 SET character_set_client = utf8mb4 */;
CREATE TABLE `person` (
  `person_id` int NOT NULL,
  `first_name` varchar(40) DEFAULT NULL,
  `last_name` varchar(60) DEFAULT NULL,
  `date_of_birth` date DEFAULT NULL,
  `is_employed` tinyint(1) DEFAULT NULL,
  PRIMARY KEY (`person_id`)
) ENGINE=InnoDB DEFAULT CHARSET=utf8mb4 COLLATE=utf8mb4_0900_ai_ci;
/*!40101 SET character_set_client = @saved_cs_client */;

--
-- Dumping data for table `person`
--

LOCK TABLES `person` WRITE;
/*!40000 ALTER TABLE `person` DISABLE KEYS */;
INSERT INTO `person` VALUES (0,'Keelie','Perez','1973-02-05',0),(1,'Madonna','Sosa','1959-07-14',1),(2,'Keely','Goff','1951-10-07',1),(3,'Aiko','Robbins','1992-08-09',1),(4,'Ora','Whitfield','1961-01-13',1),(5,'Hedley','Avery','1996-01-21',0),(6,'Anjolie','Gamble','1992-04-26',1),(7,'Rina','Marshall','1961-01-31',0),(8,'Omar','Quinn','1998-05-12',0),(9,'Felicia','Elliott','1946-09-10',0),(10,'Ashton','Frost','1978-07-25',1),(11,'Hedy','Coleman','1975-05-02',0),(12,'Curran','Tyson','1985-12-04',0),(13,'Joel','Rogers','1963-12-17',0),(14,'Caleb','Landry','1939-11-02',0),(15,'Jolene','Cooley','1989-10-18',1),(16,'Cleo','Walton','1982-10-29',1),(17,'Shay','Morin','1990-08-06',1),(18,'Malcolm','Dorsey','1983-03-09',1),(19,'Demetrius','Valdez','1988-06-14',1),(20,'Lunea','Donovan','1988-04-29',0),(21,'Gillian','Parks','1949-10-01',0),(22,'Illiana','Nelson','1941-03-04',0),(23,'Shelley','Fowler','1970-08-17',0),(24,'Jessamine','Hunter','1980-10-30',0),(25,'Rahim','Dorsey','1948-10-18',0),(26,'Madeline','Cardenas','1949-10-01',0),(27,'Ocean','Davis','1984-09-12',1),(28,'Chaney','Sutton','1983-07-07',0),(29,'Hayden','Molina','1944-10-24',0),(30,'Marvin','Marks','1986-12-07',0),(31,'Audra','Schneider','1967-05-26',1),(32,'Hannah','Ayala','1980-03-02',0),(33,'Ginger','Hebert','1949-09-21',0),(34,'Deborah','Noble','1940-04-09',1),(35,'Keely','Buckner','1938-08-29',0),(36,'Rhoda','Hobbs','1951-02-12',0),(37,'Evan','Bowman','1979-03-26',1),(38,'Raya','Floyd','1989-09-06',0),(39,'Ella','Stewart','1957-12-25',1),(40,'Aurora','Snyder','1940-12-04',0),(41,'Hashim','Moss','1962-09-10',0),(42,'Tate','Mccall','1967-09-06',1),(43,'Boris','Adkins','1960-10-19',1),(44,'Medge','Delgado','1993-12-04',1),(45,'Fredericka','Ortega','1981-05-02',0),(46,'Emi','Gilmore','1940-08-22',0),(47,'Chava','Elliott','1969-09-09',1),(48,'Seth','Brown','1956-05-09',1),(49,'Jael','Hunter','1977-04-05',0),(50,'Kimberly','Pate','1987-11-26',1),(51,'Lucius','Leonard','1967-12-19',1),(52,'Theodore','Morin','1960-12-31',0),(53,'Hiram','Pittman','1987-12-23',0),(54,'Alexis','Yang','1953-01-26',0),(55,'Francis','Mccray','1940-10-07',1),(56,'Kasper','Holden','1969-12-10',0),(57,'Alvin','Stone','1951-11-13',1),(58,'Flavia','Acosta','1992-10-23',0),(59,'John','Colon','1975-08-10',1),(60,'Rhiannon','Lara','1943-10-23',0),(61,'Isaac','Howell','1954-05-17',1),(62,'Steel','Craft','1967-04-13',1),(63,'Nigel','Warren','1971-11-09',1),(64,'Keaton','Hampton','1939-09-30',0),(65,'Quynn','Madden','1996-07-02',0),(66,'Hammett','Kelley','1957-01-15',0),(67,'Kelsie','Browning','1972-02-22',1),(68,'Gail','Murray','1951-11-22',1),(69,'Nyssa','Washington','1990-03-25',0),(70,'Jesse','Alford','1936-12-17',0),(71,'Blythe','Whitaker','1977-06-07',0),(72,'Lani','Schmidt','1982-05-27',1),(73,'Odette','Fulton','1948-06-28',0),(74,'Morgan','Hahn','1958-06-13',0),(75,'Sopoline','Weeks','1962-10-09',0),(76,'Holmes','Burns','1992-10-26',0),(77,'Karyn','Fischer','1977-05-24',1),(78,'Teagan','Dennis','1949-06-20',1),(79,'Adena','Gilbert','1994-03-02',1),(80,'Stuart','Nielsen','1951-04-14',1),(81,'Hakeem','Maynard','1980-11-12',1),(82,'Garth','Carlson','1961-11-26',1),(83,'Celeste','Walter','1960-04-23',0),(84,'Pandora','Burris','1961-09-13',0),(85,'Cherokee','Banks','1966-12-19',0),(86,'Carson','Mann','1938-04-23',1),(87,'Sean','Munoz','1973-09-25',1),(88,'Nicholas','Howe','1936-12-28',0),(89,'Josiah','Pugh','1977-11-28',1),(90,'Harding','Wynn','1937-04-02',1),(91,'Sean','Paul','1989-05-11',0),(92,'Kelly','Robles','1959-08-05',0),(93,'Nicole','Kerr','1981-02-19',1),(94,'Ferdinand','Mcintosh','1995-03-18',0),(95,'Vera','York','1996-06-09',0),(96,'Dieter','Bullock','1971-07-03',0),(97,'Malik','Gibson','1967-10-11',0),(98,'Erich','Schmidt','1980-09-09',0),(99,'Jackson','Lester','1995-10-10',0),(100,'Autumn','Ward','1942-02-08',0),(101,'Kirsten','Schultz','1971-06-03',1),(102,'Isaiah','Frost','1983-07-22',0),(103,'Dillon','Hoover','1977-09-27',1),(104,'Dacey','Rosa','1986-04-27',0),(105,'Sawyer','Stevens','1965-11-16',0),(106,'Anjolie','Gonzales','1972-07-18',0),(107,'Melanie','Mccormick','1942-04-01',0),(108,'Tashya','Mays','1940-11-06',0),(109,'Patience','Johnston','1957-01-12',1),(110,'Jonah','Dickerson','1951-12-31',1),(111,'Maite','Snider','1989-04-16',0),(112,'Flavia','Koch','1957-05-06',1),(113,'Charlotte','Newton','1945-09-29',0),(114,'Marshall','Skinner','1954-04-13',1),(115,'Courtney','Parrish','1976-07-11',1),(116,'Nadine','Rojas','1972-09-27',1),(117,'Jakeem','Rosario','1993-07-23',1),(118,'Aristotle','Ball','1967-10-02',0),(119,'Bianca','Carrillo','1940-11-25',0),(120,'Myra','Weeks','1969-11-08',0),(121,'Jelani','Morrison','1996-03-26',0),(122,'Courtney','Kirk','1953-06-23',1),(123,'Lani','Wilson','1964-10-21',1),(124,'Hammett','Hodge','1965-10-06',1),(125,'Jordan','Barber','1965-03-28',0),(126,'Cora','Oneil','1980-08-12',1),(127,'Fitzgerald','Sexton','1947-10-11',1),(128,'Barrett','Wong','1951-09-11',0),(129,'Kimberley','Haynes','1977-03-15',0),(130,'Bert','Leonard','1940-08-25',1),(131,'Hayley','Workman','1972-05-07',0),(132,'Abdul','Carlson','1946-12-21',0),(133,'Ayanna','Mercer','1970-09-30',0),(134,'Wang','Jimenez','1942-01-30',0),(135,'Brenden','Bartlett','1995-02-05',1),(136,'Bryar','Alford','1997-11-28',1),(137,'Georgia','Hogan','1992-01-15',1),(138,'Cameron','Emerson','1996-10-08',1),(139,'Ursula','Lynn','1937-02-09',1),(140,'Fay','Clay','1943-03-22',0),(141,'Nissim','Stokes','1960-06-09',1),(142,'Elmo','Bond','1937-12-19',0),(143,'Brandon','Harper','1938-01-02',0),(144,'Shelley','Lucas','1986-05-14',1),(145,'Ian','Fuller','1960-06-20',0),(146,'Lamar','Dillard','1996-08-13',0),(147,'Travis','Pratt','1986-04-26',1),(148,'Breanna','Flowers','1979-12-14',0),(149,'Dolan','Knight','1980-08-27',0),(150,'Odette','Woodard','1949-03-01',1),(151,'Maisie','Blevins','1964-11-10',1),(152,'Ahmed','Strickland','1986-02-27',1),(153,'Indigo','Mathis','1967-11-08',1),(154,'Timon','White','1945-04-16',1),(155,'Abel','Wong','1945-01-15',1),(156,'Alisa','Rogers','1987-04-20',0),(157,'Aaron','Kidd','1973-07-31',1),(158,'Summer','Austin','1993-11-02',0),(159,'Roanna','Weeks','1997-07-13',1),(160,'Selma','Harper','1949-09-17',0),(161,'Lance','Carpenter','1981-04-25',1),(162,'Prescott','Shepard','1966-03-24',0),(163,'Lance','Thomas','1996-08-01',0),(164,'Dorothy','Knowles','1970-01-16',1),(165,'Kuame','Wong','1948-12-08',1),(166,'Oliver','Irwin','1967-03-03',0),(167,'Flavia','Lang','1971-10-27',0),(168,'Cruz','Osborn','1944-02-19',1),(169,'Melinda','Lara','1995-04-23',0),(170,'Simon','Sweet','1960-09-27',0),(171,'Dale','Boyle','1985-05-01',0),(172,'Kirby','Allison','1996-05-05',1),(173,'Shelley','Sykes','1981-08-21',1),(174,'Quail','Stevenson','1975-01-01',1),(175,'Griffin','Norton','1956-10-16',1),(176,'Indira','Brooks','1947-09-06',0),(177,'Tucker','Russo','1944-02-29',1),(178,'Mona','Hanson','1957-04-01',0),(179,'Giacomo','Mayo','1955-12-03',1),(180,'Hedley','Warren','1956-07-14',1),(181,'Lee','Figueroa','1991-11-21',0),(182,'Evan','Wall','1938-10-10',1),(183,'Marvin','Grant','1990-07-10',0),(184,'Ashely','Horton','1958-07-09',0),(185,'Dana','Paul','1995-11-01',0),(186,'Wyoming','Delaney','1948-01-25',0),(187,'Kasper','Rice','1976-04-12',0),(188,'Allen','Hartman','1975-04-18',1),(189,'Meredith','Nelson','1989-07-02',0),(190,'Hyatt','Bowman','1987-11-29',0),(191,'Clare','Mcbride','1981-09-28',0),(192,'Delilah','Robertson','1973-06-14',1),(193,'Iola','Mendoza','1940-06-15',1),(194,'David','Rollins','1994-03-15',0),(195,'Sophia','Dickson','1992-02-17',1),(196,'Solomon','Wall','1965-01-15',1),(197,'Mark','Perry','1978-02-20',1),(198,'Bell','Holloway','1939-07-25',0),(199,'Paki','Duncan','1969-10-18',0),(200,'Xander','Adams','1937-11-28',0),(201,'Lana','Pacheco','1963-11-15',1),(202,'Adam','Kerr','1967-03-15',1),(203,'Nash','Gross','1967-08-02',1),(204,'Winter','Peterson','1960-04-18',1),(205,'Valentine','Palmer','1984-06-29',0),(206,'Miriam','Dalton','1986-06-11',1),(207,'Kieran','Greene','1965-01-20',1),(208,'Doris','Franklin','1997-07-26',1),(209,'Kennan','Evans','1969-03-09',1),(210,'Dalton','Fleming','1939-10-09',0),(211,'Pearl','Carter','1941-12-02',1),(212,'Sydnee','Howell','1989-12-26',0),(213,'Merrill','Buchanan','1954-03-30',0),(214,'Leah','Dixon','1949-02-05',0),(215,'Gemma','Crawford','1938-05-12',1),(216,'Jackson','Burton','1947-04-12',0),(217,'Fay','Key','1947-11-27',0),(218,'Shellie','Craig','1948-05-18',1),(219,'Megan','Case','1942-10-26',0),(220,'Michael','Myers','1987-10-31',0),(221,'Brenna','Graham','1944-03-25',1),(222,'Giselle','Luna','1938-12-13',0),(223,'Madonna','Ingram','1943-11-16',0),(224,'Cyrus','Wilson','1945-12-03',0),(225,'Ulric','Howard','1966-04-20',0),(226,'Guinevere','Vasquez','1962-05-24',1),(227,'Marvin','Bradley','1989-09-23',1),(228,'Graiden','Becker','1936-10-06',0),(229,'Flynn','Mckenzie','1969-03-21',0),(230,'Aladdin','Hurley','1982-07-08',0),(231,'Holly','Baldwin','1939-09-20',1),(232,'Danielle','Whitehead','1943-06-16',1),(233,'Adara','Shields','1952-03-04',1),(234,'Nadine','Noel','1995-04-29',1),(235,'Eliana','Huffman','1996-04-16',0),(236,'Genevieve','Knowles','1949-12-04',1),(237,'Erich','Flowers','1941-06-10',1),(238,'Rhona','Frazier','1964-06-17',1),(239,'Daquan','Delacruz','1988-11-23',0),(240,'Glenna','Travis','1996-03-16',1),(241,'Chelsea','Mcknight','1944-01-11',0),(242,'Zeph','Duffy','1960-02-25',1),(243,'Nasim','Dunn','1980-11-22',0),(244,'Alma','Moran','1967-10-12',0),(245,'Christian','Farley','1972-11-20',0),(246,'Laith','Hinton','1957-01-07',1),(247,'Anastasia','Ballard','1949-08-01',0),(248,'Candice','Mcmillan','1976-02-14',1),(249,'Tucker','Mcmahon','1980-02-10',1),(250,'Illana','Cohen','1982-09-17',1),(251,'Akeem','Kirby','1983-09-28',1),(252,'Robert','Head','1945-06-06',0),(253,'Jerome','Romero','1963-10-06',1),(254,'Kasimir','Stark','1942-06-05',0),(255,'Jael','Barker','1998-06-08',0),(256,'Lysandra','Schneider','1952-09-26',0),(257,'Chaney','Workman','1970-06-12',1),(258,'Duncan','Nguyen','1952-10-07',0),(259,'Kiona','Sosa','1970-03-07',1),(260,'Bertha','Chan','1971-05-04',0),(261,'Jameson','Gutierrez','1972-11-20',1),(262,'Ebony','Sharpe','1994-05-30',0),(263,'Jordan','Rivas','1979-11-10',0),(264,'Simon','Cook','1990-12-02',1),(265,'Sasha','Merritt','1990-09-15',1),(266,'Dara','Mccarty','1944-08-22',0),(267,'Melinda','Guy','1983-10-30',1),(268,'Signe','Everett','1957-07-11',1),(269,'Lacey','Ratliff','1985-01-20',1),(270,'Carolyn','Harrison','1945-04-11',0),(271,'Bertha','Keith','1995-01-13',0),(272,'Duncan','Cotton','1988-08-11',1),(273,'Xanthus','Mccall','1993-05-16',1),(274,'Quinn','Terrell','1985-07-17',0),(275,'Juliet','Talley','1939-06-10',1),(276,'Rosalyn','Lambert','1996-07-18',1),(277,'Marshall','Sargent','1952-04-28',1),(278,'Lara','Watkins','1988-08-14',0),(279,'Willa','Ball','1996-12-17',1),(280,'Xanthus','Gould','1961-04-27',0),(281,'Coby','Donovan','1964-03-09',1),(282,'Gemma','Lott','1976-01-30',0),(283,'Ishmael','Moore','1979-01-04',1),(284,'Erica','Vaughan','1978-03-17',0),(285,'Chancellor','Smith','1997-10-01',0),(286,'Knox','Navarro','1966-07-15',0),(287,'Tad','Hunt','1943-03-18',0),(288,'Brittany','Case','1980-06-06',1),(289,'Octavia','Becker','1969-11-28',0),(290,'Allistair','Nixon','1950-03-12',0),(291,'Malachi','Barnett','1970-12-05',1),(292,'Colleen','Marshall','1995-10-21',1),(293,'Nell','Garza','1938-04-20',1),(294,'Risa','Ford','1986-05-21',1),(295,'Herrod','English','1952-09-25',0),(296,'Zelda','Emerson','1969-06-14',1),(297,'Lillian','Mclaughlin','1978-08-17',1),(298,'Kelly','Robertson','1982-03-17',0),(299,'Alec','Bolton','1965-03-04',1),(300,'Sonia','Hart','1942-06-19',1),(301,'Leilani','Meyer','1997-12-29',1),(302,'Adria','Wilder','1994-02-13',1),(303,'Edward','Douglas','1983-11-07',1),(304,'Jerry','O\'brien','1939-05-01',0),(305,'Tatum','Gould','1941-08-21',0),(306,'Rosalyn','Smith','1991-03-26',1),(307,'Russell','Bradford','1948-09-26',1),(308,'Merrill','Cortez','1997-12-31',1),(309,'Cassandra','Bass','1994-12-16',0),(310,'Harlan','Duncan','1971-10-08',0),(311,'Kiara','Davenport','1955-10-07',1),(312,'Bruno','Sparks','1956-07-21',1),(313,'Chelsea','Irwin','1957-08-23',0),(314,'Galvin','Bray','1973-09-11',0),(315,'Seth','Dickerson','1939-07-18',1),(316,'Murphy','Burris','1970-06-13',1),(317,'Nola','Fields','1948-12-31',0),(318,'Akeem','Baker','1947-07-27',0),(319,'Timothy','Hicks','1977-06-02',0),(320,'Jelani','Gay','1962-01-03',1),(321,'Magee','Sherman','1990-02-09',1),(322,'Xyla','Gilmore','1996-12-20',1),(323,'Mallory','Sharp','1995-04-28',1),(324,'Brenda','Pitts','1941-12-17',0),(325,'Leo','Moon','1964-04-19',0),(326,'Brett','Washington','1937-01-21',1),(327,'Denise','Parsons','1954-03-25',0),(328,'McKenzie','Stanley','1976-06-11',0),(329,'Myles','Navarro','1988-08-28',1),(330,'Hasad','Boyle','1974-02-15',1),(331,'Pascale','Santos','1959-12-26',1),(332,'Erin','Odom','1965-10-19',0),(333,'Quentin','Vargas','1993-06-02',1),(334,'Liberty','Brewer','1952-06-02',0),(335,'Rashad','Clements','1949-10-12',0),(336,'Garrett','Weber','1976-02-05',0),(337,'Rogan','Knox','1970-05-22',0),(338,'Nora','Slater','1966-07-27',1),(339,'Raymond','Nielsen','1942-12-02',0),(340,'Macaulay','Dawson','1940-09-01',1),(341,'Althea','Saunders','1942-07-20',0),(342,'Emerson','Lowe','1950-07-01',1),(343,'Ralph','Horne','1983-10-31',0),(344,'Gareth','Schmidt','1990-05-02',1),(345,'Silas','Hughes','1974-04-27',0),(346,'Ocean','Montoya','1937-03-18',1),(347,'Jana','Whitley','1950-07-12',1),(348,'Ross','Diaz','1940-03-08',1),(349,'Burke','Delaney','1991-07-15',0),(350,'Lucas','O\'connor','1982-06-23',1),(351,'Sasha','Cain','1943-01-02',0),(352,'Diana','Melendez','1965-01-12',0),(353,'Mariko','Church','1978-04-05',0),(354,'Mikayla','Roberson','1956-01-15',0),(355,'Nigel','Butler','1992-09-27',1),(356,'Grady','Wilder','1970-11-21',0),(357,'Wade','Russell','1969-10-22',1),(358,'Damon','Henson','1987-02-19',1),(359,'Kylynn','Skinner','1987-09-17',1),(360,'Meghan','Byrd','1992-02-07',1),(361,'Mariko','Dodson','1990-11-05',0),(362,'Noble','Hodges','1979-08-25',1),(363,'Virginia','Koch','1987-10-06',0),(364,'Chelsea','Jensen','1966-01-19',1),(365,'Zahir','Weaver','1948-03-17',0),(366,'Lee','Dixon','1968-03-02',0),(367,'Jamalia','Randolph','1965-06-25',0),(368,'Boris','Holmes','1951-07-28',0),(369,'Justine','Lindsey','1991-09-19',0),(370,'Eugenia','Moran','1955-08-10',1),(371,'Yael','Grant','1980-10-28',1),(372,'William','Weiss','1939-09-15',0),(373,'Grace','Parrish','1970-03-28',1),(374,'Fritz','Finch','1976-08-25',1),(375,'Cooper','Aguilar','1976-02-23',1),(376,'Idona','Sears','1989-10-20',0),(377,'Mark','Nixon','1957-02-26',0),(378,'Todd','Bowers','1947-10-14',1),(379,'Seth','Ball','1998-04-27',1),(380,'Marshall','Roth','1952-03-31',0),(381,'Nell','Swanson','1946-03-27',0),(382,'Quyn','Levy','1951-02-24',0),(383,'Emi','Duran','1952-09-04',0),(384,'Howard','Whitfield','1960-02-06',0),(385,'Uma','Huber','1991-09-26',0),(386,'Raya','Walters','1982-02-03',1),(387,'Danielle','Duncan','1991-03-05',0),(388,'Michael','Wong','1973-05-26',1),(389,'Cecilia','Hobbs','1969-12-07',1),(390,'Dawn','Becker','1988-11-15',0),(391,'Nerea','Baird','1979-08-11',0),(392,'Asher','Shaffer','1936-09-27',1),(393,'Mary','Schneider','1998-06-11',0),(394,'Zenaida','Waller','1961-04-16',0),(395,'Aspen','Bridges','1938-07-13',0),(396,'Maile','Wyatt','1939-06-19',0),(397,'Zephr','Dale','1993-05-19',1),(398,'Ariana','Dominguez','1942-09-27',0),(399,'Debra','Nolan','1996-05-15',1),(400,'Violet','Benton','1966-06-17',1),(401,'Clinton','Holden','1974-01-19',0),(402,'Lewis','Hickman','1955-02-14',0),(403,'Vance','Rodriguez','1982-08-13',0),(404,'Chadwick','Guy','1994-05-26',1),(405,'Rashad','Bradley','1979-08-20',1),(406,'Aaron','Fisher','1976-09-30',0),(407,'Candice','Vargas','1964-05-13',1),(408,'Hakeem','May','1995-07-17',1),(409,'Brennan','Dodson','1949-08-06',1),(410,'Paul','Schneider','1954-06-13',1),(411,'Devin','Cardenas','1979-03-06',0),(412,'Cullen','Swanson','1957-01-27',1),(413,'Boris','Elliott','1964-11-03',1),(414,'William','Garner','1968-02-10',0),(415,'Conan','Conway','1939-04-29',0),(416,'Eagan','Delacruz','1959-01-02',1),(417,'Kalia','Montoya','1963-11-16',1),(418,'Kellie','Justice','1979-11-04',1),(419,'Leilani','Wiggins','1992-07-28',1),(420,'Harriet','Randolph','1944-06-09',1),(421,'Lynn','Hayes','1990-07-04',1),(422,'Hayfa','Maddox','1950-01-02',0),(423,'Kylynn','Vasquez','1995-11-28',0),(424,'Fitzgerald','White','1992-03-02',0),(425,'Kameko','Hahn','1976-02-04',0),(426,'Zia','Kirkland','1941-08-01',0),(427,'Heidi','Martin','1979-04-24',1),(428,'Kelly','Phelps','1962-07-30',0),(429,'Maxwell','Nelson','1972-11-10',0),(430,'Caesar','Giles','1963-08-21',1),(431,'Kay','Reynolds','1996-06-04',1),(432,'Adrian','Strickland','1980-06-09',1),(433,'Tarik','Mcdaniel','1977-06-05',0),(434,'Cecilia','Hendrix','1966-07-22',0),(435,'Lacey','Jennings','1955-08-06',0),(436,'Kevyn','Christian','1975-03-26',1),(437,'Vernon','Talley','1961-06-12',0),(438,'Chandler','Stout','1977-01-05',1),(439,'Beatrice','Everett','1949-06-03',0),(440,'Kato','Cummings','1949-03-16',0),(441,'Edward','Pacheco','1948-05-11',1),(442,'Coby','Wise','1989-01-24',0),(443,'Ingrid','Zamora','1948-06-08',0),(444,'Bell','Massey','1939-10-17',1),(445,'Regina','Mcgee','1963-01-06',1),(446,'Marshall','Stafford','1948-01-13',1),(447,'Giacomo','Maxwell','1947-02-24',0),(448,'Eaton','Ray','1941-02-14',1),(449,'Harriet','Booker','1978-11-09',1),(450,'Caesar','Fleming','1962-04-28',0),(451,'Athena','Tran','1943-09-17',0),(452,'Jayme','Conrad','1961-12-28',1),(453,'Barclay','Daniel','1943-06-23',1),(454,'Odessa','Mejia','1951-06-18',1),(455,'Ingrid','Roberts','1969-09-22',1),(456,'Amity','Pickett','1956-05-14',1),(457,'Benedict','Rivera','1953-08-02',0),(458,'Hoyt','Irwin','1981-02-20',1),(459,'Jasper','Underwood','1962-09-07',1),(460,'Gregory','Shaw','1988-10-01',1),(461,'Sierra','Rivera','1964-09-22',0),(462,'Imogene','Cole','1947-05-04',0),(463,'Martha','Cochran','1958-01-13',0),(464,'Clare','Osborn','1969-09-14',0),(465,'Gray','Sosa','1965-12-02',1),(466,'Nichole','Pratt','1992-11-16',0),(467,'Grace','Mcmillan','1996-07-24',1),(468,'Amela','Walker','1943-04-07',1),(469,'Craig','Romero','1942-06-07',1),(470,'Dane','Mason','1940-11-18',0),(471,'Zelenia','Michael','1958-04-06',1),(472,'Zenia','Estes','1972-07-20',1),(473,'Kyle','Foster','1996-08-21',1),(474,'Berk','Camacho','1978-11-12',1),(475,'Kiayada','Bailey','1951-04-16',1),(476,'Isabella','Rasmussen','1956-10-03',0),(477,'Felicia','Howe','1981-03-14',0),(478,'Glenna','Hinton','1974-11-09',0),(479,'Maisie','Doyle','1948-06-05',1),(480,'Samuel','Chambers','1975-12-24',0),(481,'Maite','Haley','1938-09-11',0),(482,'Angelica','Whitehead','1996-10-19',0),(483,'Beatrice','Morrow','1996-03-30',1),(484,'Patrick','Haley','1986-09-20',0),(485,'Raphael','Wallace','1960-05-01',0),(486,'Rudyard','Mendez','1978-08-08',0),(487,'Lila','Michael','1945-05-22',1),(488,'Castor','Joseph','1948-09-01',0),(489,'Deirdre','George','1993-08-02',0),(490,'Kenyon','Maddox','1974-08-09',0),(491,'Jamalia','Ayers','1979-11-11',0),(492,'Tanisha','Downs','1985-07-12',1),(493,'Ferdinand','Lowe','1980-08-29',1),(494,'Flavia','Whitaker','1968-01-28',1),(495,'Brenden','Suarez','1984-01-19',0),(496,'Allistair','Griffin','1959-11-13',0),(497,'Camilla','Warner','1984-09-04',1),(498,'Arden','Fulton','1968-10-16',0),(499,'Howard','Pacheco','1958-04-10',0);
/*!40000 ALTER TABLE `person` ENABLE KEYS */;
UNLOCK TABLES;

--
-- Table structure for table `personal_emails`
--

DROP TABLE IF EXISTS `personal_emails`;
/*!40101 SET @saved_cs_client     = @@character_set_client */;
/*!50503 SET character_set_client = utf8mb4 */;
CREATE TABLE `personal_emails` (
  `person_id` int NOT NULL,
  `email` varchar(256) NOT NULL,
  PRIMARY KEY (`person_id`,`email`),
  CONSTRAINT `personal_emails_ibfk_1` FOREIGN KEY (`person_id`) REFERENCES `person` (`person_id`)
) ENGINE=InnoDB DEFAULT CHARSET=utf8mb4 COLLATE=utf8mb4_0900_ai_ci;
/*!40101 SET character_set_client = @saved_cs_client */;

--
-- Dumping data for table `personal_emails`
--

LOCK TABLES `personal_emails` WRITE;
/*!40000 ALTER TABLE `personal_emails` DISABLE KEYS */;
INSERT INTO `personal_emails` VALUES (0,'perez_keelie5937@yahoo.couk'),(1,'sosa.madonna@yahoo.net'),(2,'k-goff@aol.org'),(3,'a_robbins9484@wha.com'),(3,'nisi.cum@protonmail.edu'),(6,'g-anjolie@protonmail.ca'),(7,'rmarshall@aol.couk'),(8,'donec.porttitor@google.couk'),(8,'o_quinn6198@aol.com'),(10,'afrost@google.org'),(10,'eget.ipsum@outlook.org'),(10,'tincidunt.congue@hotmail.edu'),(11,'h_coleman@protonmail.net'),(12,'tyson-curran7374@protonmail.com'),(13,'dolor.fusce@outlook.net'),(13,'j_rogers821@wha.net'),(14,'landry.caleb8439@yahoo.couk'),(16,'aliquet.sem@icloud.org'),(16,'cleo_walton3098@icloud.org'),(19,'odio.phasellus@outlook.edu'),(19,'quisque.libero@protonmail.edu'),(19,'v-demetrius@icloud.org'),(21,'condimentum.donec.at@google.org'),(21,'parksgillian7227@aol.couk'),(22,'nelsonilliana5766@icloud.net'),(23,'in.sodales@outlook.ca'),(23,'malesuada@icloud.couk'),(23,'sfowler@hotmail.net'),(25,'r-dorsey962@aol.ca'),(25,'sed@google.net'),(28,'eget.volutpat@protonmail.ca'),(28,'sutton.chaney5752@outlook.net'),(29,'convallis.ligula@icloud.edu'),(29,'hayden-molina@wha.couk'),(29,'orci@yahoo.ca'),(30,'m.marks@hotmail.org'),(31,'a-schneider@outlook.couk'),(34,'dnoble@google.couk'),(36,'orci.luctus@protonmail.com'),(36,'rhoda_hobbs@outlook.net'),(38,'aptent.taciti@outlook.edu'),(38,'floydraya8729@aol.ca'),(38,'sem.eget@icloud.couk'),(39,'ella_stewart@wha.com'),(40,'s.aurora6668@yahoo.net'),(40,'semper@google.net'),(41,'maecenas.ornare@google.net'),(41,'moss-hashim9280@hotmail.couk'),(41,'placerat@yahoo.net'),(42,'natoque@hotmail.edu'),(42,'tate.mccall1248@wha.org'),(43,'a_boris@icloud.com'),(43,'imperdiet.nec.leo@yahoo.com'),(45,'f_ortega@google.couk'),(45,'primis.in@icloud.net'),(45,'velit.quisque.varius@hotmail.org'),(46,'emi_gilmore@wha.ca'),(49,'hunterjael@aol.ca'),(56,'k_holden@icloud.com'),(58,'a-flavia6543@protonmail.couk'),(58,'ridiculus.mus@google.ca'),(58,'ultricies.ligula@aol.net'),(59,'john.colon2234@icloud.ca'),(61,'cras.eu@outlook.com'),(61,'howell_isaac@icloud.net'),(61,'praesent@protonmail.edu'),(62,'at.auctor@aol.net'),(62,'eros.non@icloud.com'),(62,'s-craft9423@aol.couk'),(63,'nigel.warren2908@wha.ca'),(64,'hamptonkeaton@outlook.net'),(65,'interdum@outlook.ca'),(65,'nulla.ante@aol.ca'),(65,'qmadden6477@google.org'),(66,'auctor.vitae@aol.ca'),(66,'kelley-hammett7661@aol.com'),(67,'fermentum.convallis.ligula@aol.couk'),(67,'k.browning959@wha.org'),(67,'varius.nam@protonmail.net'),(68,'dignissim@protonmail.org'),(68,'murraygail2273@hotmail.couk'),(68,'proin.vel@yahoo.org'),(70,'alford-jesse@protonmail.org'),(71,'bwhitaker4861@wha.couk'),(73,'o-fulton1971@wha.com'),(73,'sed.dictum.proin@outlook.org'),(75,'erat@hotmail.ca'),(75,'etiam.gravida@yahoo.edu'),(75,'weeks_sopoline@hotmail.ca'),(76,'cubilia@protonmail.couk'),(76,'holmes.burns@outlook.com'),(76,'lobortis.nisi.nibh@google.net'),(77,'erat.semper.rutrum@icloud.ca'),(77,'f.karyn9199@aol.com'),(77,'sollicitudin.a@protonmail.org'),(78,'tdennis5913@google.com'),(79,'g-adena3122@yahoo.com'),(79,'pharetra.nam.ac@icloud.edu'),(79,'sed@hotmail.ca'),(80,'duis.gravida.praesent@hotmail.com'),(80,'nielsenstuart@outlook.org'),(80,'pede@aol.org'),(81,'maynard-hakeem3431@icloud.net'),(83,'cwalter@protonmail.ca'),(83,'sit.amet@aol.org'),(83,'ullamcorper.duis.at@aol.net'),(84,'b_pandora@yahoo.org'),(84,'etiam.vestibulum.massa@outlook.edu'),(84,'semper@yahoo.couk'),(86,'aliquam.ultrices@protonmail.org'),(86,'manncarson4254@hotmail.com'),(88,'n-howe@google.couk'),(88,'vitae.nibh.donec@aol.com'),(89,'pugh-josiah@yahoo.couk'),(90,'w.harding@aol.couk'),(91,'lorem.tristique@outlook.edu'),(91,'s-paul@yahoo.net'),(92,'k-robles5814@google.com'),(93,'at.pede@hotmail.edu'),(93,'neque.nullam@protonmail.com'),(93,'nicole-kerr@wha.org'),(96,'d_bullock4510@aol.org'),(96,'eu@aol.couk'),(96,'quisque.porttitor@hotmail.com'),(99,'et@protonmail.ca'),(99,'lester.jackson158@aol.org'),(99,'ullamcorper.eu@aol.com'),(101,'augue.eu@yahoo.net'),(101,'kirsten_schultz@hotmail.org'),(101,'morbi@icloud.org'),(102,'frost-isaiah429@google.com'),(103,'hoover_dillon8282@wha.org'),(103,'pede@protonmail.net'),(103,'sagittis@aol.net'),(108,'mtashya1611@google.org'),(108,'sodales.nisi@google.couk'),(109,'johnston.patience@hotmail.ca'),(109,'lectus.quis.massa@outlook.ca'),(109,'primis.in@icloud.couk'),(110,'j-dickerson9448@google.ca'),(110,'nulla.integer@yahoo.net'),(110,'tortor@protonmail.ca'),(113,'newton.charlotte@hotmail.net'),(114,'dui.cum@yahoo.couk'),(114,'ipsum.phasellus.vitae@yahoo.couk'),(114,'skinner_marshall1313@outlook.com'),(115,'non.massa@icloud.org'),(115,'parrish.courtney@yahoo.ca'),(116,'rojas-nadine2169@aol.com'),(118,'ballaristotle8298@outlook.com'),(118,'magna.cras@outlook.com'),(118,'vel.arcu.eu@protonmail.edu'),(119,'carrillo-bianca@icloud.ca'),(121,'blandit.at@aol.couk'),(121,'jelani.morrison@outlook.com'),(122,'c_kirk3578@wha.ca'),(123,'wilson.lani@yahoo.net'),(124,'hammetthodge@protonmail.net'),(124,'sem@outlook.com'),(125,'b-jordan@yahoo.com'),(125,'etiam.ligula@hotmail.couk'),(125,'pede@yahoo.com'),(126,'coneil@icloud.net'),(126,'nec@hotmail.com'),(128,'b.wong@wha.com'),(130,'l_bert7565@protonmail.ca'),(131,'w.hayley@google.org'),(132,'a-carlson@hotmail.ca'),(133,'enim@yahoo.com'),(133,'mercer_ayanna9244@icloud.ca'),(133,'pede.cum.sociis@aol.edu'),(134,'jimenez_wang@wha.net'),(135,'b_brenden5784@google.net'),(135,'consectetuer@google.edu'),(136,'abryar1884@wha.couk'),(136,'sollicitudin.commodo.ipsum@outlook.com'),(137,'georgia-hogan@aol.net'),(137,'morbi.non.sapien@yahoo.com'),(139,'nisi.mauris@aol.net'),(139,'ulynn6322@outlook.ca'),(140,'f_clay@yahoo.org'),(141,'elementum.sem@outlook.ca'),(141,'praesent@icloud.ca'),(141,'stokes.nissim@outlook.com'),(142,'elmobond2987@icloud.ca'),(142,'mauris.sapien@icloud.ca'),(142,'scelerisque.neque@aol.couk'),(145,'i_fuller3434@icloud.org'),(145,'lacus.nulla@outlook.org'),(145,'pharetra.ut.pharetra@hotmail.com'),(146,'euismod.est@google.org'),(146,'l.dillard@hotmail.org'),(146,'tempor.augue.ac@outlook.com'),(147,'pratt.travis@protonmail.org'),(147,'pulvinar@hotmail.couk'),(152,'donec.at@outlook.org'),(152,'strickland.ahmed7614@hotmail.couk'),(156,'rogers-alisa@yahoo.org'),(158,'s.austin9057@outlook.com'),(160,'selma_harper@aol.net'),(162,'non.lacinia@protonmail.ca'),(162,'nunc.lectus@google.com'),(162,'pshepard@outlook.net'),(165,'k_wong@outlook.com'),(167,'flang6859@outlook.couk'),(168,'c-osborn@outlook.couk'),(168,'scelerisque.mollis.phasellus@aol.org'),(170,'aliquam.auctor@yahoo.edu'),(170,'s_sweet9738@icloud.net'),(171,'dboyle@protonmail.net'),(171,'orci.consectetuer.euismod@hotmail.org'),(171,'sapien@icloud.net'),(172,'allisonkirby@hotmail.org'),(173,'ipsum@icloud.net'),(173,'shelley.sykes@protonmail.com'),(174,'squail5638@icloud.couk'),(175,'n_griffin7748@outlook.ca'),(176,'i-brooks4685@icloud.net'),(177,'et@google.org'),(177,'t_russo@protonmail.org'),(178,'m_hanson@wha.ca'),(179,'dui.nec@icloud.ca'),(179,'g.mayo6798@google.ca'),(181,'figueroa-lee4990@hotmail.com'),(181,'neque@aol.ca'),(181,'tincidunt.neque.vitae@aol.edu'),(182,'e.wall4558@icloud.net'),(182,'nulla.eu@yahoo.edu'),(184,'ahorton9197@outlook.ca'),(184,'sem@aol.ca'),(185,'d-paul@google.ca'),(186,'sed.diam.lorem@outlook.ca'),(186,'w_delaney@protonmail.com'),(187,'rice-kasper1948@yahoo.net'),(188,'ahartman@icloud.couk'),(188,'augue.scelerisque@aol.org'),(188,'dolor.nulla@hotmail.org'),(189,'nelson.meredith@icloud.couk'),(190,'bowman_hyatt5661@aol.net'),(191,'c-mcbride@icloud.com'),(192,'d.robertson742@icloud.net'),(192,'nec.cursus@outlook.org'),(192,'non.enim@yahoo.couk'),(194,'d-rollins1074@protonmail.net'),(194,'purus.duis.elementum@protonmail.net'),(196,'commodo.hendrerit@google.couk'),(196,'maecenas.malesuada@outlook.couk'),(196,'wall-solomon6897@yahoo.com'),(197,'eleifend.nec@icloud.com'),(197,'perry.mark@outlook.com'),(199,'consectetuer.adipiscing.elit@yahoo.org'),(199,'p-duncan8366@protonmail.ca'),(201,'lanapacheco2641@wha.net'),(201,'vel.quam.dignissim@hotmail.edu'),(202,'a.kerr629@hotmail.net'),(202,'nunc.quisque.ornare@aol.org'),(203,'n.gross4166@aol.ca'),(203,'tempor.lorem@yahoo.edu'),(205,'palmer-valentine4137@yahoo.com'),(207,'greene-kieran588@google.com'),(208,'f.doris@protonmail.net'),(208,'non.luctus@icloud.ca'),(210,'ante.blandit@aol.ca'),(210,'dalton.fleming@icloud.couk'),(210,'lectus.cum.sociis@protonmail.org'),(213,'m_buchanan@icloud.ca'),(214,'dixonleah@outlook.couk'),(214,'justo.proin@outlook.edu'),(216,'jacksonburton@protonmail.couk'),(217,'key.fay@wha.org'),(217,'risus@hotmail.edu'),(219,'dictum.augue.malesuada@outlook.ca'),(219,'fusce.mollis.duis@hotmail.com'),(219,'m_case@icloud.ca'),(222,'giselle-luna@protonmail.com'),(223,'et.rutrum@yahoo.net'),(223,'mingram@wha.com'),(223,'ultricies.ornare.elit@hotmail.com'),(224,'iaculis.enim.sit@hotmail.couk'),(224,'nulla.facilisis.suspendisse@aol.net'),(224,'w-cyrus1914@aol.net'),(225,'sodales.purus@protonmail.com'),(225,'ulric_howard@google.couk'),(226,'conubia.nostra@google.couk'),(226,'vasquez_guinevere7566@aol.ca'),(227,'bradley_marvin1762@google.org'),(229,'f.mckenzie1897@protonmail.ca'),(232,'whitehead_danielle@aol.org'),(236,'ac.sem@aol.org'),(236,'g-knowles@yahoo.com'),(236,'tortor.nunc.commodo@google.ca'),(237,'e-flowers@google.net'),(237,'sit.amet.nulla@hotmail.ca'),(237,'suscipit@hotmail.org'),(238,'cras.pellentesque@outlook.ca'),(238,'eu.lacus@yahoo.ca'),(238,'rhona-frazier7778@google.com'),(239,'delacruz_daquan4665@google.net'),(239,'integer@icloud.org'),(241,'m.chelsea@aol.com'),(241,'odio.auctor.vitae@hotmail.org'),(241,'placerat.eget@protonmail.net'),(242,'duffyzeph@yahoo.com'),(243,'dunnnasim4634@wha.net'),(243,'mauris.non@aol.ca'),(243,'morbi@aol.net'),(244,'a.moran@wha.couk'),(246,'hinton_laith@yahoo.org'),(247,'a-ballard6718@protonmail.couk'),(250,'cohenillana6749@icloud.ca'),(251,'dui.cum@yahoo.couk'),(251,'eget.venenatis@icloud.net'),(251,'kirby_akeem3986@aol.com'),(254,'in.aliquet@hotmail.net'),(254,'purus.gravida.sagittis@yahoo.ca'),(254,'starkkasimir7789@google.ca'),(255,'aliquam.ornare@aol.couk'),(255,'j_barker@wha.com'),(255,'mauris.ut@outlook.edu'),(256,'schneider_lysandra@aol.couk'),(257,'chaney_workman@hotmail.ca'),(258,'dnguyen2181@hotmail.net'),(259,'skiona@hotmail.net'),(260,'b-chan7034@icloud.net'),(261,'enim@icloud.edu'),(261,'jgutierrez5069@hotmail.org'),(261,'lectus.rutrum@protonmail.org'),(262,'donec@icloud.edu'),(262,'sebony3250@aol.org'),(263,'jordan-rivas@outlook.org'),(263,'tempus.lorem.fringilla@google.net'),(264,'c-simon254@yahoo.ca'),(264,'donec.tempor.est@yahoo.com'),(265,'s-merritt@yahoo.net'),(266,'augue.eu@hotmail.edu'),(266,'d_mccarty1128@outlook.net'),(266,'nulla.magna.malesuada@protonmail.couk'),(267,'fusce.aliquam@outlook.ca'),(267,'melinda.guy5715@yahoo.ca'),(269,'l_ratliff2970@wha.couk'),(269,'sed.leo@icloud.edu'),(270,'c-harrison@aol.org'),(270,'sollicitudin.commodo@icloud.com'),(271,'blandit.congue@icloud.org'),(271,'keith.bertha8004@outlook.org'),(271,'nec.quam.curabitur@aol.edu'),(272,'dcotton@outlook.org'),(272,'nunc.quis@outlook.net'),(273,'justo@hotmail.ca'),(273,'xanthusmccall@aol.com'),(274,'dictum.augue.malesuada@google.com'),(274,'libero@google.org'),(274,'terrell.quinn@hotmail.org'),(275,'a@outlook.ca'),(275,'t-juliet@wha.net'),(275,'vitae.posuere@yahoo.com'),(276,'eu@outlook.com'),(276,'lorem.ipsum@aol.org'),(276,'r.lambert@outlook.couk'),(278,'convallis@outlook.couk'),(278,'ullamcorper.magna@google.net'),(278,'watkins_lara2704@protonmail.ca'),(282,'glott1113@aol.net'),(282,'hymenaeos@aol.edu'),(282,'vel@hotmail.org'),(284,'vaughan.erica@outlook.org'),(285,'chancellor_smith8663@yahoo.com'),(285,'sed.nec@outlook.com'),(288,'casebrittany@icloud.ca'),(288,'sed.dictum.proin@protonmail.edu'),(289,'b_octavia5796@hotmail.org'),(289,'eu.metus@protonmail.ca'),(290,'nixon_allistair@icloud.org'),(290,'quam.a.felis@yahoo.edu'),(290,'semper.egestas.urna@protonmail.com'),(291,'bmalachi5267@yahoo.couk'),(291,'nisl.arcu@icloud.com'),(292,'cmarshall2399@google.com'),(292,'egestas.lacinia@protonmail.org'),(293,'molestie.pharetra@hotmail.com'),(293,'n_garza2775@icloud.com'),(293,'ornare.egestas@protonmail.com'),(294,'augue.ut@protonmail.ca'),(294,'curabitur.dictum@outlook.com'),(294,'f-risa@protonmail.ca'),(296,'mus.proin@google.ca'),(296,'sem.eget@yahoo.ca'),(296,'z.emerson@wha.com'),(298,'eleifend.non@outlook.com'),(298,'k-robertson1688@google.net'),(299,'a.bolton@wha.net'),(299,'blandit.viverra.donec@hotmail.edu'),(300,'aliquam.adipiscing@google.com'),(300,'hart.sonia@hotmail.ca'),(300,'vivamus.nisi.mauris@yahoo.edu'),(301,'lmeyer1523@google.org'),(301,'suspendisse.commodo.tincidunt@aol.ca'),(302,'a_wilder239@wha.com'),(304,'arcu.vivamus@google.couk'),(304,'j_obrien6331@protonmail.couk'),(305,'felis.purus@google.couk'),(305,'g_tatum@google.ca'),(307,'brussell@yahoo.net'),(307,'nam.interdum.enim@protonmail.org'),(310,'ante.dictum@icloud.net'),(310,'duncan_harlan@wha.com'),(311,'davenport_kiara@aol.org'),(311,'elit.pede.malesuada@protonmail.org'),(311,'felis.nulla@yahoo.org'),(314,'bray.galvin@aol.org'),(317,'aliquam.vulputate@hotmail.edu'),(317,'fields-nola@hotmail.com'),(317,'id@hotmail.edu'),(318,'ante@outlook.couk'),(318,'baker.akeem4503@outlook.org'),(319,'timothyhicks1048@outlook.net'),(320,'gayjelani6536@hotmail.net'),(320,'non.enim@aol.org'),(321,'ipsum@google.com'),(321,'magee-sherman4437@hotmail.net'),(323,'smallory8607@icloud.com'),(324,'bpitts@icloud.net'),(326,'b_washington@google.couk'),(326,'facilisis.lorem.tristique@protonmail.edu'),(326,'sit@protonmail.edu'),(329,'m-navarro@wha.ca'),(330,'h.boyle6616@aol.ca'),(330,'lectus@outlook.couk'),(330,'semper.egestas@outlook.net'),(331,'neque@protonmail.edu'),(331,'pascale_santos@protonmail.org'),(334,'lbrewer@protonmail.net'),(334,'non.magna.nam@google.edu'),(335,'ac.nulla@google.ca'),(335,'r-clements@hotmail.net'),(336,'garrett-weber6278@outlook.com'),(336,'orci.quis.lectus@icloud.edu'),(337,'k-rogan1421@yahoo.ca'),(337,'sit.amet.risus@aol.couk'),(339,'nielsen_raymond@protonmail.org'),(339,'vel.mauris@icloud.edu'),(339,'vestibulum@hotmail.net'),(341,'asaunders3454@aol.com'),(342,'lowe_emerson@aol.org'),(343,'aliquam@hotmail.couk'),(343,'ralph.horne@wha.org'),(345,'hughessilas@yahoo.couk'),(345,'orci.sem@google.couk'),(347,'nunc.sollicitudin.commodo@hotmail.net'),(347,'per.inceptos@icloud.com'),(347,'whitley-jana5614@google.couk'),(348,'d-ross7109@google.com'),(348,'lorem.lorem@yahoo.ca'),(348,'varius@icloud.net'),(350,'euismod@protonmail.couk'),(350,'neque.sed@yahoo.ca'),(350,'oconnor-lucas4751@protonmail.ca'),(351,'csasha@google.couk'),(355,'n-butler@outlook.com'),(356,'aenean@protonmail.ca'),(356,'wildergrady@hotmail.net'),(357,'r_wade@wha.ca'),(358,'henson_damon@google.net'),(358,'tincidunt.donec@outlook.org'),(358,'ullamcorper.duis@google.org'),(359,'k-skinner4263@outlook.couk'),(360,'fermentum@icloud.edu'),(360,'meghan.byrd6165@protonmail.ca'),(361,'dodson_mariko9433@outlook.com'),(361,'eu.ligula@google.couk'),(361,'scelerisque@yahoo.net'),(362,'noble-hodges@yahoo.net'),(362,'vel@protonmail.edu'),(363,'nisi.sem@google.net'),(363,'sapien.gravida@google.com'),(363,'v-koch@aol.net'),(364,'j.chelsea5602@outlook.org'),(365,'zahir_weaver@yahoo.ca'),(366,'dixonlee6779@wha.org'),(366,'odio@aol.com'),(367,'jamalia-randolph445@outlook.org'),(367,'tortor@google.edu'),(367,'vestibulum@google.org'),(369,'donec@hotmail.ca'),(369,'justine_lindsey3286@outlook.net'),(369,'morbi.tristique@aol.com'),(370,'e.moran@google.couk'),(370,'nulla@aol.couk'),(372,'netus@yahoo.ca'),(372,'proin@hotmail.ca'),(372,'williamweiss5556@outlook.org'),(374,'adipiscing@hotmail.edu'),(374,'ffinch4447@protonmail.couk'),(374,'mauris.morbi@yahoo.org'),(375,'aguilar_cooper@hotmail.ca'),(375,'gravida.sagittis.duis@yahoo.org'),(375,'rutrum.justo@aol.net'),(377,'m.nixon4987@protonmail.net'),(378,'bowerstodd9919@google.ca'),(379,'ball-seth@aol.com'),(380,'m-roth@hotmail.net'),(382,'levy.quyn5223@protonmail.couk'),(384,'enim.non.nisi@google.org'),(384,'howard_whitfield@yahoo.net'),(384,'interdum.nunc.sollicitudin@hotmail.couk'),(385,'dolor@outlook.org'),(385,'huber_uma@hotmail.org'),(385,'sagittis.nullam@outlook.com'),(386,'r-walters@yahoo.ca'),(387,'duncan_danielle5123@hotmail.org'),(387,'fusce.aliquet.magna@outlook.ca'),(387,'sit@protonmail.com'),(389,'hcecilia4478@hotmail.couk'),(389,'ipsum.dolor.sit@hotmail.net'),(390,'cras@icloud.couk'),(390,'dawn_becker8876@hotmail.net'),(390,'tristique.ac.eleifend@outlook.edu'),(393,'mary.schneider@google.com'),(395,'b_aspen8780@hotmail.com'),(395,'egestas.fusce@google.ca'),(395,'libero.mauris@yahoo.edu'),(396,'nulla.interdum.curabitur@hotmail.ca'),(396,'w.maile@hotmail.couk'),(397,'dale.zephr@yahoo.ca'),(398,'ariana_dominguez@yahoo.net'),(400,'b.violet@yahoo.couk'),(400,'magna.nam@protonmail.org'),(401,'auctor.velit@icloud.net'),(401,'blandit@yahoo.net'),(401,'holden_clinton@protonmail.couk'),(402,'lewishickman9242@protonmail.org'),(403,'nisl.elementum@aol.com'),(403,'r.vance@outlook.net'),(404,'guy.chadwick2630@protonmail.com'),(407,'ultricies.dignissim.lacus@icloud.net'),(407,'vargas.candice2492@protonmail.org'),(409,'b.dodson7425@google.org'),(410,'p_schneider@yahoo.org'),(412,'c-swanson@outlook.ca'),(412,'magnis.dis@protonmail.edu'),(413,'e.boris@aol.ca'),(414,'augue@icloud.couk'),(414,'ut.nulla@hotmail.net'),(414,'williamgarner7405@outlook.com'),(415,'conwayconan2345@protonmail.ca'),(415,'metus@aol.net'),(416,'e-delacruz4398@icloud.couk'),(416,'faucibus.orci.luctus@hotmail.net'),(417,'m_kalia@outlook.net'),(418,'kjustice@hotmail.net'),(419,'leilani_wiggins4792@yahoo.couk'),(419,'suspendisse.sagittis@aol.couk'),(420,'h-randolph@aol.net'),(420,'tincidunt.nibh.phasellus@outlook.org'),(422,'felis.eget.varius@hotmail.ca'),(422,'hmaddox5117@google.net'),(423,'cubilia.curae@aol.ca'),(423,'nec.quam@icloud.net'),(423,'vasquez_kylynn@aol.net'),(424,'w-fitzgerald@hotmail.net'),(425,'k-hahn@outlook.com'),(426,'kirkland_zia8956@hotmail.net'),(426,'nec.ante@hotmail.ca'),(427,'elementum.sem@aol.edu'),(427,'martin_heidi@protonmail.ca'),(428,'congue@icloud.edu'),(428,'lectus@yahoo.com'),(428,'phelpskelly@hotmail.couk'),(430,'g-caesar@aol.ca'),(430,'quisque.nonummy.ipsum@aol.couk'),(432,'stricklandadrian3976@protonmail.couk'),(433,'mcdaniel-tarik1933@google.org'),(434,'hendrixcecilia565@hotmail.ca'),(434,'magna.praesent.interdum@aol.ca'),(437,'dictum.eu@google.ca'),(437,'nulla.vulputate.dui@hotmail.ca'),(437,'vernon_talley@google.org'),(438,'stout-chandler4487@protonmail.ca'),(441,'p_edward@outlook.couk'),(442,'nisi.nibh.lacinia@outlook.ca'),(442,'w-coby@hotmail.com'),(444,'magna.sed@yahoo.net'),(444,'massey.bell@wha.com'),(444,'nec.diam@google.org'),(446,'mstafford4151@google.com'),(449,'h_booker@google.net'),(454,'modessa3458@protonmail.couk'),(454,'nunc.lectus@icloud.net'),(454,'quisque@outlook.org'),(455,'ingrid_roberts@google.org'),(455,'mauris.magna@aol.org'),(456,'a-pickett@yahoo.net'),(456,'orci.luctus@protonmail.edu'),(456,'vitae.dolor.donec@yahoo.ca'),(457,'r.benedict@outlook.org'),(458,'irwin.hoyt@aol.couk'),(458,'quam.vel.sapien@hotmail.couk'),(459,'accumsan.sed@google.ca'),(459,'underwoodjasper8022@aol.ca'),(460,'est.arcu@google.ca'),(460,'g.shaw4042@yahoo.ca'),(460,'sagittis.duis@google.com'),(463,'libero@aol.ca'),(463,'m_cochran@wha.com'),(463,'non.sollicitudin.a@hotmail.edu'),(464,'cosborn9750@icloud.net'),(464,'diam.nunc@google.org'),(465,'gsosa7141@wha.ca'),(465,'mauris.ipsum.porta@protonmail.org'),(465,'placerat@outlook.net'),(467,'mcmillan_grace@hotmail.couk'),(467,'posuere.cubilia@icloud.couk'),(468,'suspendisse.non@aol.couk'),(468,'vulputate@icloud.couk'),(468,'walker-amela5508@yahoo.couk'),(469,'romero_craig7814@hotmail.com'),(469,'sit.amet@icloud.edu'),(469,'velit.aliquam@hotmail.ca'),(470,'duis.volutpat@yahoo.net'),(470,'mdane@protonmail.org'),(470,'risus@protonmail.org'),(471,'odio.nam@hotmail.couk'),(471,'z-michael8011@google.net'),(472,'dui.fusce@hotmail.com'),(472,'estes_zenia4149@yahoo.net'),(473,'cursus.purus.nullam@google.edu'),(473,'k_foster@aol.couk'),(473,'tristique.aliquet@hotmail.couk'),(474,'camacho.berk@icloud.couk'),(474,'morbi@protonmail.edu'),(474,'nulla.dignissim@aol.couk'),(475,'bailey-kiayada@yahoo.couk'),(475,'justo.faucibus.lectus@hotmail.org'),(476,'eros@yahoo.net'),(476,'isabellarasmussen@wha.net'),(476,'ornare.facilisis@yahoo.couk'),(477,'howe_felicia6901@yahoo.couk'),(479,'dmaisie3715@aol.ca'),(482,'orci.luctus@outlook.couk'),(482,'whitehead_angelica@wha.com'),(483,'mbeatrice7762@protonmail.couk'),(484,'ante.maecenas@aol.couk'),(484,'patrick_haley@wha.com'),(486,'augue.id@aol.edu'),(486,'mendez_rudyard4265@wha.net'),(486,'varius.ultrices.mauris@hotmail.edu'),(489,'blandit.at@google.com'),(489,'d_george@hotmail.ca'),(490,'donec.porttitor@aol.net'),(490,'maddoxkenyon@outlook.com'),(492,'downs_tanisha@wha.net'),(492,'et.nunc.quisque@yahoo.org'),(492,'pede.cum.sociis@protonmail.couk'),(493,'lowe.ferdinand3467@hotmail.ca'),(494,'dapibus.ligula@outlook.edu'),(494,'iaculis.lacus@yahoo.net'),(494,'whitaker.flavia@wha.net'),(496,'griffin_allistair@hotmail.com'),(497,'warner-camilla1442@yahoo.couk');
/*!40000 ALTER TABLE `personal_emails` ENABLE KEYS */;
UNLOCK TABLES;

--
-- Table structure for table `realtor`
--

DROP TABLE IF EXISTS `realtor`;
/*!40101 SET @saved_cs_client     = @@character_set_client */;
/*!50503 SET character_set_client = utf8mb4 */;
CREATE TABLE `realtor` (
  `realtor_id` int NOT NULL,
  `meetings_to_date` smallint DEFAULT NULL,
  `manager_id` int DEFAULT NULL,
  `employee_id` int DEFAULT NULL,
  PRIMARY KEY (`realtor_id`),
  KEY `manager_id` (`manager_id`),
  KEY `employee_id` (`employee_id`),
  CONSTRAINT `realtor_ibfk_1` FOREIGN KEY (`manager_id`) REFERENCES `manager` (`manager_id`),
  CONSTRAINT `realtor_ibfk_2` FOREIGN KEY (`employee_id`) REFERENCES `employee` (`employee_id`)
) ENGINE=InnoDB DEFAULT CHARSET=utf8mb4 COLLATE=utf8mb4_0900_ai_ci;
/*!40101 SET character_set_client = @saved_cs_client */;

--
-- Dumping data for table `realtor`
--

LOCK TABLES `realtor` WRITE;
/*!40000 ALTER TABLE `realtor` DISABLE KEYS */;
INSERT INTO `realtor` VALUES (1,10,14,98),(2,15,17,1),(3,4,22,128),(4,15,9,83),(5,12,23,57),(6,13,11,26),(7,14,24,78),(8,10,15,113),(9,17,11,73),(10,7,3,30),(11,18,25,125),(12,11,9,8),(13,9,14,25),(14,8,25,63),(15,19,1,126),(16,22,24,127),(17,23,13,58),(18,15,6,14),(19,11,6,132),(20,16,25,99),(21,8,17,130),(22,7,24,35),(23,18,22,77),(24,8,18,105),(25,22,3,53),(26,16,3,139),(27,9,19,79),(28,22,1,143),(29,11,24,54),(30,9,23,49),(31,7,13,147),(32,17,18,103),(33,17,23,45),(34,17,12,37),(35,15,10,87),(36,13,3,111),(37,18,11,9),(38,20,9,131),(39,16,21,124),(40,9,21,117),(41,8,14,60),(42,7,15,119),(43,16,25,102),(44,7,22,150),(45,11,19,91),(46,10,11,22),(47,10,11,50),(48,13,18,48),(49,9,6,89),(50,12,14,108),(51,6,5,92),(52,12,21,72),(53,9,7,81),(54,9,9,106),(55,15,20,10),(56,12,25,112),(57,13,3,51),(58,7,13,55),(59,10,15,59),(60,7,13,140),(61,7,12,69),(62,17,4,115),(63,11,10,109),(64,12,18,101),(65,7,15,4),(66,13,8,2),(67,12,7,75),(68,13,14,46),(69,17,5,138),(70,10,20,95),(71,7,8,114),(72,7,22,134),(73,11,9,86),(74,22,4,24),(75,7,4,142),(76,13,15,43),(77,10,14,137),(78,15,15,80),(79,11,11,67),(80,19,13,34),(81,21,24,6),(82,10,18,15),(83,13,25,42),(84,11,6,136),(85,12,22,17),(86,11,1,7),(87,20,20,62),(88,11,22,71),(89,12,18,97),(90,11,23,88),(91,13,15,107),(92,13,21,122),(93,12,2,16),(94,15,25,121),(95,8,1,11),(96,15,8,148),(97,7,22,31),(98,13,7,146),(99,20,11,116),(100,11,2,28),(101,16,1,104),(102,6,11,84),(103,9,5,93),(104,7,11,47),(105,16,3,100),(106,11,10,141),(107,18,18,144),(108,10,22,118),(109,17,11,90),(110,9,8,94),(111,22,25,5),(112,19,20,120),(113,15,7,133),(114,24,6,65),(115,7,12,19),(116,13,16,13),(117,4,19,56),(118,15,2,27),(119,9,20,38),(120,14,24,20),(121,7,23,123),(122,18,4,110),(123,7,12,74),(124,12,3,68),(125,21,2,82);
/*!40000 ALTER TABLE `realtor` ENABLE KEYS */;
UNLOCK TABLES;

--
-- Table structure for table `residence`
--

DROP TABLE IF EXISTS `residence`;
/*!40101 SET @saved_cs_client     = @@character_set_client */;
/*!50503 SET character_set_client = utf8mb4 */;
CREATE TABLE `residence` (
  `residence_id` int NOT NULL,
  `expected_price` decimal(11,2) DEFAULT NULL,
  `date_of_purchase` date DEFAULT NULL,
  `is_lease` tinyint(1) DEFAULT NULL,
  `square_footage` smallint DEFAULT NULL,
  `bed_count` smallint DEFAULT NULL,
  `steet_number` int DEFAULT NULL,
  `street_name` varchar(60) DEFAULT NULL,
  `zip_code` int DEFAULT NULL,
  `city` varchar(60) DEFAULT NULL,
  `state` varchar(60) DEFAULT NULL,
  `country` varchar(3) DEFAULT NULL,
  `bath_count` smallint DEFAULT NULL,
  `kitchen` smallint DEFAULT NULL,
  `utilities` varchar(20) DEFAULT NULL,
  `smoking` tinyint(1) DEFAULT NULL,
  `expected_rent` decimal(9,2) DEFAULT NULL,
  `pets` varchar(80) DEFAULT NULL,
  `notes` varchar(140) DEFAULT NULL,
  `person_id` int DEFAULT NULL,
  `realtor_id` int DEFAULT NULL,
  `client_id` int DEFAULT NULL,
  PRIMARY KEY (`residence_id`),
  KEY `person_id` (`person_id`),
  KEY `realtor_id` (`realtor_id`),
  KEY `client_id` (`client_id`),
  CONSTRAINT `residence_ibfk_1` FOREIGN KEY (`person_id`) REFERENCES `person` (`person_id`),
  CONSTRAINT `residence_ibfk_2` FOREIGN KEY (`realtor_id`) REFERENCES `realtor` (`realtor_id`),
  CONSTRAINT `residence_ibfk_3` FOREIGN KEY (`client_id`) REFERENCES `client` (`client_id`)
) ENGINE=InnoDB DEFAULT CHARSET=utf8mb4 COLLATE=utf8mb4_0900_ai_ci;
/*!40101 SET character_set_client = @saved_cs_client */;

--
-- Dumping data for table `residence`
--

LOCK TABLES `residence` WRITE;
/*!40000 ALTER TABLE `residence` DISABLE KEYS */;
INSERT INTO `residence` VALUES (1,2378027.52,'2005-04-01',0,2,4,9107,'innertable parkway',79875,'Tulsa','New Jersey','MEX',4,1,'E in rent',0,41627.16,'None','',91,20,NULL),(2,145703.89,'2020-01-31',1,2,11,7611,'sidetable driveway',86900,'Wichita','Delaware','MEX',11,1,'EW',0,2494.46,'Fish','',84,110,NULL),(3,132675.40,'2003-08-22',0,1,12,4838,'innertable parkway',68039,'Spokane','New Jersey','USA',11,2,'E in rent',0,2593.34,'None','',169,101,NULL),(4,2611761.76,'2010-10-15',1,2,9,8367,'woobriar avenue',36604,'Spokane','American Samoa','CAN',7,2,'EW',1,19594.46,'None','',170,103,NULL),(5,6807333.33,'2016-03-20',0,2,11,5459,'oakland bypass',83120,'Gaithersburg','Wyoming','LUX',7,1,'E in rent',0,132391.90,'Fish','',365,24,96),(6,2042878.16,'2019-09-02',0,1,11,2421,'undertable avenue',83522,'Missoula','Colorado','USA',7,3,'EW in rent',0,35561.83,'Fish','',273,77,NULL),(7,2953113.03,'2006-04-14',1,2,3,7263,'wells avenue',37193,'Pike Creek','Colorado','LUX',3,1,'E in rent',1,34647.32,'Fish','',283,124,72),(8,114798.22,'2008-08-26',1,2,9,5088,'peak avenue',4096,'Gaithersburg','Mississippi','LUX',7,1,'EW in rent',1,906.41,'Dogs, and Fish','',132,95,NULL),(9,375651.28,'2019-08-08',1,1,10,2500,'quasi steet',89068,'Denver','Mississippi','CAN',8,1,'E in rent',1,5276.72,'Dogs, and Fish','',29,54,9),(10,4014378.77,'2006-09-19',0,2,7,6433,'cornville bypass',44795,'Davenport','New Mexico','MEX',6,2,'EW in rent',1,20671.40,'Cats, Dogs, and FishCats, and Fish','',317,34,66),(11,104078.63,'2003-08-21',0,2,2,281,'leaf road',49232,'Rockford','Northern Mariana Islands','MEX',2,1,'EW in rent',0,1321.73,'Dogs, and Fish','',237,117,NULL),(12,5253245.23,'2007-01-19',0,2,1,4021,'kennelton lane',49076,'Wichita','Maryland','USA',1,1,'E in rent',1,30662.05,'Cats, Dogs, and FishCats, and Fish','',217,112,NULL),(13,119038.02,'2010-01-01',1,1,0,1020,'kennelton avenue',35401,'Grand Rapids','American Samoa','MEX',1,1,'E',0,1593.25,'Cats, Dogs, and FishCats, and Fish','',344,125,NULL),(14,142460.23,'2015-12-12',1,2,5,8360,'sidetable driveway',50224,'Philadelphia','Connecticut','LUX',3,1,'EW in rent',0,2325.69,'Cats, Dogs, and FishCats, and Fish','',73,41,239),(15,336571.31,'2017-12-05',1,1,2,3890,'undertable bypass',58937,'Wichita','New Jersey','LUX',2,1,'EW in rent',1,2020.98,'Fish','',272,68,NULL),(16,8808457.37,'2003-06-05',1,2,4,2246,'cornville driveway',7141,'Denver','West Virginia','USA',4,1,'E',0,151023.39,'Dogs, and Fish','',45,11,NULL),(17,594052.14,'2020-11-10',0,1,2,3364,'leaf parkway',46003,'Rockford','Arkansas','MEX',2,1,'E in rent',0,6496.01,'Dogs, and Fish','',93,68,NULL),(18,108390.75,'2013-04-28',0,2,12,4873,'overtable lane',46405,'Burlington','Guam','USA',10,2,'E in rent',0,917.74,'Fish','',57,87,NULL),(19,1965699.64,'2004-07-24',1,2,4,3940,'undertable avenue',74260,'Nampa','Minor Outlying Islands','MEX',4,1,'E',1,31040.14,'Dogs, and Fish','',444,63,NULL),(20,7698379.91,'2009-11-10',0,2,4,5675,'undertable avenue',76385,'St. Petersburg','Pennsylvania','LUX',3,1,'E in rent',0,55625.84,'None','',44,85,NULL),(21,282822.43,'2016-02-21',1,1,10,4567,'overtable steet',75875,'Denver','Kansas','USA',6,2,'E in rent',0,2662.75,'Dogs, and Fish','',441,95,NULL),(22,400202.27,'2008-11-06',0,1,0,718,'woobriar avenue',54255,'Minneapolis','Missouri','LUX',1,1,'EW in rent',0,4133.40,'Dogs, and Fish','',157,20,NULL),(23,1307421.14,'2023-05-08',1,1,6,70,'peak steet',72794,'Burlington','California','CAN',4,1,'EW in rent',0,25615.28,'Dogs, and Fish','',434,92,175),(24,855533.74,'2002-09-23',1,1,4,6542,'leaf driveway',2595,'Denver','U.S. Virgin Islands','MEX',3,1,'EW in rent',0,4392.55,'None','',21,119,271),(25,542904.28,'2004-01-03',1,1,9,7367,'sidetable steet',9233,'Nampa','North Dakota','LUX',6,2,'E in rent',1,9077.32,'Dogs, and Fish','',446,91,NULL),(26,3549704.20,'2019-01-28',1,1,9,4061,'wabash lane',88516,'Pike Creek','Missouri','USA',6,2,'EW in rent',1,66393.97,'Fish','',428,12,228),(27,103776.86,'2020-06-29',1,2,2,9512,'kennelton bypass',42670,'Southaven','District of Columbia','USA',2,1,'E',1,1976.12,'Cats, Dogs, and FishCats, and Fish','',226,74,NULL),(28,7820540.47,'2010-03-29',1,1,3,985,'quasi parkway',7584,'Grand Rapids','Wyoming','LUX',3,1,'EW in rent',0,65855.47,'Fish','',357,51,183),(29,4076716.48,'2007-03-12',0,2,4,6225,'woobriar avenue',81954,'Nampa','Virginia','CAN',4,1,'EW in rent',1,79401.59,'Dogs, and Fish','',287,45,220),(30,178903.15,'2007-09-29',0,1,5,3040,'overtable avenue',48323,'Minneapolis','New York','USA',4,1,'EW in rent',1,2274.90,'Cats, Dogs, and FishCats, and Fish','',260,66,NULL),(31,1318002.85,'2023-03-05',1,2,8,6673,'overtable parkway',78612,'Minneapolis','District of Columbia','CAN',7,2,'E',1,8713.99,'Fish','',299,70,191),(32,7094245.81,'2019-09-30',0,1,2,5299,'overtable road',62894,'Burlington','Oregon','USA',2,1,'EW',1,131362.61,'Dogs, and Fish','',390,27,NULL),(33,173860.74,'2005-02-11',1,2,0,5083,'sidetable driveway',88768,'Grand Rapids','South Dakota','MEX',1,1,'E',0,3157.14,'None','',28,123,248),(34,425319.30,'2003-04-28',1,2,11,1175,'sidetable road',72967,'Grand Rapids','U.S. Virgin Islands','CAN',11,3,'EW in rent',0,4228.52,'None','',497,106,286),(35,100074.89,'2015-07-16',0,1,7,6781,'wells parkway',91306,'Burlington','Michigan','CAN',7,1,'E in rent',0,1892.79,'None','',479,54,NULL),(36,100005.78,'2015-11-19',1,1,11,4063,'wabash steet',57277,'Tulsa','Massachusetts','LUX',11,3,'E',0,1195.35,'Dogs, and Fish','',343,14,NULL),(37,9038383.63,'2006-11-17',0,2,3,9562,'leaf bypass',51793,'Grand Rapids','American Samoa','LUX',3,1,'E',0,176688.00,'Fish','',253,72,NULL),(38,3774711.03,'2002-02-21',1,2,11,6083,'kennelton bypass',65718,'Grand Rapids','South Dakota','MEX',9,2,'E',0,44046.77,'Dogs, and Fish','',260,77,NULL),(39,8324318.33,'2016-11-16',0,1,8,1215,'sidetable steet',88375,'Missoula','Virginia','CAN',7,1,'E in rent',0,161722.97,'Dogs, and Fish','',302,25,NULL),(40,515846.66,'2009-02-25',1,2,8,5489,'wells road',52345,'Minneapolis','Maryland','USA',7,2,'EW',0,6817.18,'Dogs, and Fish','',100,104,223),(41,121772.97,'2011-08-02',0,2,7,803,'washington driveway',13451,'Gaithersburg','Virginia','USA',4,1,'E',0,1881.91,'None','',265,20,NULL),(42,1293577.78,'2002-02-28',0,1,2,963,'quasi bypass',36582,'Cambridge','Nebraska','USA',2,1,'EW',1,19950.66,'Cats, Dogs, and FishCats, and Fish','',49,97,NULL),(43,183044.06,'2012-10-31',1,1,8,5426,'leaf lane',48970,'Gaithersburg','Nevada','MEX',7,1,'EW',1,2331.16,'Fish','',81,43,NULL),(44,4778703.55,'2016-06-08',0,2,6,5526,'wabash bypass',76076,'Essex','Delaware','CAN',6,1,'EW in rent',1,66377.90,'Dogs, and Fish','',94,100,NULL),(45,350211.77,'2009-07-15',1,2,2,9243,'washington steet',39767,'Tulsa','Oklahoma','USA',2,1,'E',0,3105.71,'None','',313,76,134),(46,7853187.25,'2015-07-16',0,1,6,2705,'wabash parkway',30176,'Essex','Nevada','CAN',4,2,'EW',1,111174.93,'Fish','',79,89,99),(47,1594196.84,'2003-11-02',0,1,1,8504,'wells driveway',41371,'Cambridge','Colorado','CAN',1,1,'EW in rent',1,23319.03,'None','',239,74,204),(48,1857969.58,'2002-01-03',1,1,3,1507,'wells parkway',42493,'Cambridge','Tennessee','MEX',2,1,'E in rent',1,36575.93,'Fish','',404,114,NULL),(49,1705502.51,'2020-12-01',0,2,10,9787,'wabash steet',1998,'Rockford','Pennsylvania','USA',8,2,'E in rent',0,14096.71,'Dogs, and Fish','',376,35,NULL),(50,1439893.66,'2015-05-30',0,2,9,2514,'quail bypass',4634,'Philadelphia','South Dakota','CAN',7,2,'E',1,8445.70,'Cats, Dogs, and FishCats, and Fish','',239,65,204),(51,7816625.43,'2018-03-07',0,2,2,6235,'leaf parkway',81326,'Rockford','Puerto Rico','LUX',2,1,'EW in rent',1,149901.77,'Cats, Dogs, and FishCats, and Fish','',108,25,NULL),(52,145889.94,'2008-09-27',1,1,4,3611,'wells lane',41912,'Southaven','Louisiana','LUX',3,1,'E in rent',0,2428.71,'Cats, Dogs, and FishCats, and Fish','',383,1,NULL),(53,105262.60,'2017-05-26',0,2,5,926,'woobriar steet',84332,'Spokane','Delaware','USA',4,1,'EW',0,1029.80,'Cats, Dogs, and FishCats, and Fish','',385,56,2),(54,9356527.94,'2021-03-06',0,2,0,895,'overtable road',25341,'Southaven','Missouri','MEX',1,1,'E in rent',1,142805.19,'Dogs, and Fish','',132,55,200),(55,371484.90,'2011-04-11',1,1,9,3239,'peak road',45504,'Davenport','Alabama','MEX',6,1,'EW in rent',1,2163.03,'Cats, Dogs, and FishCats, and Fish','',348,115,NULL),(56,4932509.99,'2003-11-28',1,1,8,4563,'peak lane',94946,'Rockford','Nebraska','USA',6,1,'EW in rent',1,73620.03,'None','',247,17,17),(57,109742.88,'2004-12-16',1,2,0,2180,'leaf road',98302,'Cambridge','Mississippi','CAN',1,1,'EW in rent',0,1887.01,'Dogs, and Fish','',488,69,53),(58,5056188.53,'2005-03-27',0,2,3,7754,'kennelton parkway',33517,'Grand Rapids','Wisconsin','LUX',2,1,'EW in rent',1,37268.12,'None','',3,85,131),(59,5885573.89,'2010-04-29',1,1,4,6913,'cornville parkway',80683,'Saint Paul','Texas','LUX',4,1,'E in rent',1,75021.34,'Fish','',50,60,132),(60,4438046.98,'2005-05-28',1,2,12,1164,'sidetable avenue',78954,'Grand Rapids','Alaska','USA',11,1,'E in rent',1,43352.07,'Dogs, and Fish','',307,25,NULL),(61,1970820.99,'2015-09-25',1,2,9,3441,'cornville bypass',19384,'Burlington','Nevada','CAN',9,1,'E in rent',1,17959.24,'Dogs, and Fish','',208,80,NULL),(62,2400998.78,'2015-12-05',1,1,6,7872,'undertable driveway',12280,'Tulsa','Ohio','MEX',4,1,'E',0,28008.10,'Dogs, and Fish','',319,72,NULL),(63,107407.72,'2018-12-24',0,1,11,3249,'overtable steet',44899,'Wichita','South Carolina','USA',10,2,'EW in rent',0,1686.72,'Fish','',174,1,NULL),(64,103831.97,'2005-03-10',1,1,5,2022,'woobriar bypass',56928,'Davenport','Texas','CAN',5,1,'E',1,1994.59,'None','',360,53,262),(65,9196301.06,'2016-09-16',1,2,0,3078,'peak bypass',74423,'Helena','Pennsylvania','MEX',1,1,'EW in rent',0,143555.53,'Fish','',47,46,NULL),(66,9011898.41,'2011-07-15',1,1,0,6506,'leaf road',66111,'Missoula','Maryland','CAN',1,1,'E',1,151379.74,'Dogs, and Fish','',97,79,NULL),(67,874240.90,'2008-02-11',0,1,2,3904,'washington driveway',96147,'Spokane','Nebraska','CAN',2,1,'EW',0,7940.96,'None','',358,47,NULL),(68,3485523.60,'2019-11-20',0,1,10,2875,'cornville bypass',91115,'Wichita','Kentucky','USA',7,3,'E',1,49474.17,'Cats, Dogs, and FishCats, and Fish','',136,24,NULL),(69,7938211.25,'2003-04-21',0,2,7,6629,'leaf driveway',85669,'Cambridge','Alaska','LUX',6,1,'E',1,121745.28,'None','',154,45,NULL),(70,100182.12,'2003-09-20',1,1,10,1078,'undertable bypass',4287,'Helena','New York','CAN',7,2,'EW in rent',0,1114.91,'Fish','',283,21,NULL),(71,545112.40,'2013-11-25',1,2,3,30,'wells driveway',15936,'St. Petersburg','Maine','CAN',3,1,'EW in rent',1,3917.55,'Dogs, and Fish','',468,125,98),(72,2294570.63,'2005-11-29',1,1,12,4924,'undertable bypass',16489,'Philadelphia','Alaska','USA',9,2,'EW in rent',1,35748.78,'Dogs, and Fish','',477,124,NULL),(73,2534545.92,'2002-03-31',1,1,9,1439,'washington avenue',43722,'Essex','Northern Mariana Islands','CAN',9,1,'E',0,22797.65,'Fish','',234,103,NULL),(74,114300.91,'2004-07-20',0,2,1,7818,'picadily driveway',92168,'Helena','Rhode Island','CAN',1,1,'EW in rent',1,1315.23,'None','',498,31,NULL),(75,7786555.85,'2007-10-21',0,2,3,6720,'innertable bypass',43766,'St. Petersburg','Louisiana','CAN',3,1,'E',0,71626.73,'Cats, Dogs, and FishCats, and Fish','',27,110,NULL),(76,323359.38,'2012-01-04',1,1,7,6009,'washington road',5109,'Missoula','Ohio','LUX',5,1,'E in rent',1,2780.09,'Dogs, and Fish','',348,85,147),(77,361113.97,'2013-10-14',1,2,0,7220,'picadily road',75436,'Tulsa','Maryland','USA',1,1,'EW in rent',0,2456.98,'Dogs, and Fish','',54,102,NULL),(78,217222.87,'2008-10-24',0,2,8,2613,'kennelton bypass',86227,'Helena','Hawaii','LUX',7,1,'EW in rent',1,4077.84,'Cats, Dogs, and FishCats, and Fish','',452,68,NULL),(79,8191990.76,'2017-01-09',1,1,12,4792,'overtable parkway',10381,'Davenport','New Jersey','MEX',9,1,'EW in rent',1,76139.99,'Cats, Dogs, and FishCats, and Fish','',265,101,NULL),(80,2577348.63,'2023-03-03',1,2,4,287,'washington lane',69549,'Pike Creek','Washington','USA',4,1,'EW',1,39989.75,'Cats, Dogs, and FishCats, and Fish','',81,13,NULL),(81,1000962.43,'2021-09-11',0,2,6,9170,'leaf bypass',63993,'Cambridge','Utah','CAN',6,1,'E in rent',0,18222.97,'Fish','',489,27,NULL),(82,4031599.06,'2003-09-15',0,2,6,5873,'undertable bypass',40371,'Pike Creek','Vermont','CAN',6,1,'E',1,65336.44,'Cats, Dogs, and FishCats, and Fish','',410,117,NULL),(83,9762269.42,'2011-04-10',1,2,0,2526,'woobriar bypass',15011,'Wichita','North Carolina','CAN',1,1,'EW in rent',1,106320.01,'Fish','',382,38,NULL),(84,8957025.18,'2017-07-04',0,1,5,9915,'peak parkway',44846,'St. Petersburg','Maryland','CAN',4,2,'E',0,176747.08,'None','',63,62,NULL),(85,5830456.96,'2019-10-26',1,1,0,8059,'quasi road',57632,'Missoula','South Carolina','USA',1,1,'E',1,72398.73,'Fish','',160,101,296),(86,6867405.68,'2015-04-03',0,2,0,6152,'undertable steet',50162,'Pike Creek','California','CAN',1,1,'E',1,93269.57,'Fish','',335,78,NULL),(87,109438.08,'2016-05-16',1,1,12,5460,'quail steet',19457,'Wichita','Oklahoma','USA',9,2,'E in rent',1,1120.34,'Cats, Dogs, and FishCats, and Fish','',137,109,NULL),(88,728223.08,'2023-02-08',1,2,11,8869,'quasi road',30764,'Davenport','Washington','MEX',7,3,'E',0,6240.38,'None','',165,82,294),(89,7551443.81,'2014-02-11',0,2,3,3799,'undertable lane',65376,'Rockford','Florida','USA',3,1,'EW',1,67083.48,'Fish','',76,24,22),(90,2315142.72,'2015-07-20',1,1,7,3844,'woobriar parkway',40409,'Philadelphia','Illinois','LUX',5,1,'E in rent',0,26303.42,'Cats, Dogs, and FishCats, and Fish','',287,13,NULL),(91,3623133.35,'2020-08-25',1,2,10,4009,'wabash parkway',39117,'Davenport','Wisconsin','LUX',10,1,'E in rent',1,63871.86,'Fish','',35,85,NULL),(92,598318.62,'2006-06-19',0,1,1,3533,'wabash driveway',19970,'Spokane','Kansas','USA',1,1,'EW',0,10920.61,'None','',141,76,NULL),(93,937082.94,'2009-12-04',0,2,5,5665,'washington avenue',84608,'Pike Creek','Texas','CAN',3,1,'E in rent',1,14161.13,'None','',445,107,NULL),(94,7845458.49,'2019-01-21',1,1,4,5169,'peak road',75784,'Cambridge','Ohio','LUX',3,1,'E',1,46900.20,'Cats, Dogs, and FishCats, and Fish','',471,23,NULL),(95,312696.26,'2015-12-03',0,2,10,2300,'washington road',18316,'St. Petersburg','Massachusetts','USA',10,1,'E',1,5941.36,'Cats, Dogs, and FishCats, and Fish','',495,14,NULL),(96,5078886.97,'2003-12-31',0,2,4,423,'woobriar steet',10902,'Spokane','Indiana','LUX',4,1,'EW in rent',1,26965.99,'Cats, Dogs, and FishCats, and Fish','',193,83,6),(97,5207198.88,'2004-11-24',0,1,1,8924,'wells parkway',68958,'Southaven','Alaska','CAN',1,1,'EW',0,32418.11,'None','',40,64,NULL),(98,7414218.68,'2007-09-26',1,2,4,5321,'overtable road',77833,'Denver','Tennessee','LUX',4,1,'E in rent',1,91971.20,'Fish','',478,40,298),(99,972679.22,'2015-10-24',1,1,9,4358,'leaf parkway',3551,'Burlington','Vermont','MEX',6,2,'E',1,9825.72,'Cats, Dogs, and FishCats, and Fish','',202,114,NULL),(100,113500.92,'2022-05-12',0,1,5,2214,'peak driveway',27776,'Saint Paul','American Samoa','USA',4,2,'E',0,1952.85,'Dogs, and Fish','',397,125,186),(101,467138.79,'2006-12-07',1,1,0,463,'quail bypass',46179,'Cambridge','Illinois','MEX',1,1,'EW in rent',0,5273.26,'Cats, Dogs, and FishCats, and Fish','',264,14,NULL),(102,600926.78,'2009-01-28',1,2,6,3484,'leaf lane',34209,'Nampa','South Dakota','LUX',5,1,'EW in rent',0,6616.38,'Fish','',324,10,NULL),(103,5205656.89,'2020-05-16',0,2,11,3400,'oakland steet',94575,'Burlington','Montana','USA',11,2,'EW',0,26702.60,'Dogs, and Fish','',54,12,NULL),(104,4735444.93,'2023-04-29',0,2,9,7131,'innertable steet',70157,'Cambridge','Colorado','USA',5,1,'E',0,46098.72,'Dogs, and Fish','',459,93,NULL),(105,1979753.62,'2021-02-20',0,2,8,9983,'oakland driveway',18342,'Burlington','Iowa','USA',6,2,'E',0,17641.39,'Cats, Dogs, and FishCats, and Fish','',349,13,NULL),(106,5304212.07,'2019-12-07',1,1,11,9240,'quail bypass',31846,'Minneapolis','Tennessee','LUX',9,1,'EW in rent',1,63400.01,'Cats, Dogs, and FishCats, and Fish','',140,38,NULL),(107,6452456.98,'2019-07-03',0,2,4,4866,'undertable avenue',43893,'Grand Rapids','Mississippi','USA',3,1,'E in rent',0,49601.12,'Cats, Dogs, and FishCats, and Fish','',344,18,227),(108,5590849.77,'2021-11-04',1,1,1,2309,'wabash road',8680,'Helena','Utah','USA',1,1,'E in rent',0,91433.72,'Fish','',76,50,NULL),(109,1872117.06,'2004-03-26',0,1,2,2931,'innertable avenue',17127,'Spokane','Texas','USA',2,1,'E',0,29658.18,'Dogs, and Fish','',260,122,NULL),(110,5166342.72,'2010-11-12',1,2,2,2318,'kennelton steet',62370,'Tulsa','Florida','CAN',2,1,'EW',0,98025.90,'Dogs, and Fish','',281,48,NULL),(111,1101885.15,'2015-04-15',0,1,0,9993,'cornville driveway',82304,'Cambridge','Indiana','CAN',1,1,'EW in rent',0,15533.33,'Cats, Dogs, and FishCats, and Fish','',71,93,NULL),(112,5514713.42,'2009-10-30',1,2,11,276,'peak steet',57634,'Nampa','Arkansas','LUX',10,1,'EW in rent',1,33789.55,'Cats, Dogs, and FishCats, and Fish','',442,39,NULL),(113,3001454.64,'2017-04-17',0,1,3,3798,'wells road',59572,'Denver','Wisconsin','USA',3,1,'E in rent',0,43839.53,'None','',433,114,NULL),(114,556045.18,'2009-09-23',0,2,7,7179,'undertable road',1438,'Grand Rapids','New York','CAN',4,1,'EW',1,8521.25,'Fish','',117,33,189),(115,100211.07,'2010-05-12',0,1,12,4031,'sidetable parkway',69095,'Nampa','New Jersey','USA',11,1,'E in rent',0,1315.22,'None','',25,86,NULL),(116,723919.93,'2017-01-05',0,2,5,6184,'quasi bypass',74007,'Davenport','Puerto Rico','LUX',4,1,'E',0,12689.47,'Fish','',178,11,NULL),(117,6475891.99,'2015-11-12',1,2,8,1349,'kennelton bypass',94438,'Gaithersburg','Illinois','MEX',6,1,'EW',1,61966.77,'Dogs, and Fish','',346,72,NULL),(118,123237.51,'2004-05-08',1,2,8,6026,'sidetable avenue',66238,'Spokane','California','USA',8,1,'EW in rent',1,1407.55,'Cats, Dogs, and FishCats, and Fish','',499,67,NULL),(119,1618125.96,'2008-12-11',0,1,5,1456,'undertable avenue',8653,'Helena','Louisiana','LUX',5,1,'EW in rent',0,15013.31,'Fish','',82,2,NULL),(120,317942.48,'2004-08-16',1,1,10,6063,'leaf avenue',19022,'Wichita','Alabama','CAN',10,2,'E in rent',0,1779.86,'Cats, Dogs, and FishCats, and Fish','',100,20,NULL),(121,548709.31,'2017-07-15',0,2,9,6427,'kennelton parkway',37960,'Helena','Delaware','MEX',7,2,'E in rent',1,4700.69,'Cats, Dogs, and FishCats, and Fish','',121,113,NULL),(122,115419.90,'2020-10-14',1,2,11,9733,'kennelton steet',76698,'Gaithersburg','Massachusetts','MEX',8,1,'E',1,1744.30,'Cats, Dogs, and FishCats, and Fish','',210,35,269),(123,3243361.90,'2007-02-07',0,2,6,7655,'quail bypass',26465,'Denver','Michigan','USA',6,2,'E in rent',1,60077.34,'Dogs, and Fish','',84,45,NULL),(124,210918.20,'2020-08-24',1,2,10,3429,'woobriar bypass',46321,'Nampa','Vermont','MEX',8,1,'E',0,4070.74,'Fish','',376,77,NULL),(125,421774.39,'2010-09-30',0,2,3,7738,'sidetable steet',1617,'Cambridge','Pennsylvania','LUX',2,1,'E in rent',1,6246.18,'None','',431,23,NULL),(126,174579.94,'2012-11-16',0,2,12,6108,'cornville bypass',45837,'Southaven','American Samoa','USA',7,3,'E in rent',0,2609.52,'Fish','',319,38,149),(127,1033120.13,'2017-07-04',1,2,2,7605,'oakland road',3094,'Gaithersburg','Connecticut','MEX',2,1,'E in rent',0,7451.30,'Dogs, and Fish','',295,74,NULL),(128,1212106.68,'2006-03-27',0,1,1,314,'undertable lane',61820,'Burlington','South Dakota','LUX',1,1,'E',0,19945.03,'None','',70,34,NULL),(129,2544679.22,'2022-06-30',1,1,1,2771,'quail road',83091,'Philadelphia','South Dakota','MEX',1,1,'EW',0,26507.40,'None','',284,123,14),(130,1006539.75,'2013-11-27',0,1,6,3368,'leaf avenue',47216,'Gaithersburg','Alaska','LUX',5,2,'E',0,18240.22,'None','',477,46,NULL),(131,227423.16,'2003-07-08',1,1,5,8542,'quasi avenue',3227,'Cambridge','Virginia','LUX',4,1,'E in rent',1,3796.75,'None','',158,12,NULL),(132,828440.13,'2019-04-25',0,1,12,9718,'quasi bypass',1427,'St. Petersburg','Minnesota','CAN',9,2,'EW',1,5599.22,'Dogs, and Fish','',200,47,NULL),(133,101126.01,'2008-01-27',1,2,0,7249,'sidetable parkway',8576,'Pike Creek','Alabama','LUX',1,1,'EW',1,645.03,'Fish','',221,70,NULL),(134,3268781.51,'2010-03-01',0,1,4,6376,'innertable lane',49213,'Nampa','Kansas','CAN',4,1,'E in rent',1,57095.01,'Dogs, and Fish','',160,47,296),(135,2200983.55,'2006-11-21',0,2,1,9637,'cornville avenue',78696,'Burlington','Vermont','MEX',1,1,'E in rent',0,24628.81,'Fish','',138,101,NULL),(136,3746207.57,'2002-01-20',0,2,4,4301,'overtable steet',11363,'Southaven','New Hampshire','CAN',4,1,'E',1,62132.90,'Fish','',210,24,269),(137,105591.67,'2010-05-19',0,2,7,861,'quasi parkway',57081,'Davenport','Hawaii','LUX',5,1,'E in rent',1,841.30,'Dogs, and Fish','',44,9,NULL),(138,127640.49,'2006-05-16',1,1,3,4699,'wells steet',15436,'Grand Rapids','California','MEX',2,1,'EW',0,2211.71,'Fish','',489,14,NULL),(139,1278116.59,'2007-03-27',0,1,12,3603,'kennelton bypass',95141,'St. Petersburg','Ohio','MEX',9,3,'E in rent',0,21714.21,'None','',172,57,NULL),(140,102089.45,'2023-02-16',1,2,5,8077,'undertable lane',5166,'Spokane','American Samoa','MEX',4,1,'EW in rent',0,1619.99,'None','',305,105,NULL),(141,3061939.54,'2011-09-23',1,2,5,7425,'innertable steet',3609,'Denver','Louisiana','MEX',4,1,'EW in rent',0,44113.63,'Dogs, and Fish','',60,117,40),(142,8350445.99,'2007-12-06',1,1,7,7790,'overtable road',21172,'Essex','Connecticut','USA',5,1,'E in rent',1,136806.11,'Fish','',125,73,NULL),(143,102663.66,'2012-08-06',1,2,3,9047,'picadily road',22699,'Rockford','North Carolina','CAN',3,1,'E',1,917.53,'Dogs, and Fish','',16,47,NULL),(144,7797137.67,'2005-08-20',1,2,0,8716,'quail parkway',82521,'Wichita','Alaska','LUX',1,1,'EW',1,84382.70,'Cats, Dogs, and FishCats, and Fish','',437,77,NULL),(145,204689.25,'2003-06-06',1,1,5,3110,'picadily road',4924,'Gaithersburg','New York','USA',4,1,'EW in rent',0,3143.28,'Dogs, and Fish','',75,60,NULL),(146,188486.42,'2014-01-25',1,1,8,9961,'undertable bypass',49625,'Wichita','Wyoming','LUX',7,1,'E',1,992.74,'None','',106,84,NULL),(147,9389093.30,'2004-11-20',1,2,4,9052,'quasi steet',82788,'Cambridge','Idaho','USA',4,1,'E',0,161794.67,'Dogs, and Fish','',131,92,NULL),(148,5037589.35,'2019-05-16',0,1,3,1555,'woobriar bypass',9401,'Spokane','California','MEX',3,1,'E in rent',0,88468.34,'Cats, Dogs, and FishCats, and Fish','',260,49,NULL),(149,951440.21,'2005-06-12',0,2,9,2733,'cornville steet',42572,'Burlington','New York','LUX',7,1,'E',0,16009.62,'None','',181,79,NULL),(150,1199320.14,'2004-07-25',1,1,2,9266,'quasi parkway',10245,'Denver','Mississippi','MEX',2,1,'EW in rent',1,23802.57,'Dogs, and Fish','',434,100,175),(151,3088466.08,'2006-09-13',1,1,6,6818,'woobriar lane',71427,'Essex','North Carolina','LUX',4,1,'E',0,47745.19,'Fish','',37,62,NULL),(152,6912630.23,'2008-07-04',0,1,9,6228,'wells bypass',89349,'St. Petersburg','Idaho','MEX',9,1,'E',1,70542.12,'Cats, Dogs, and FishCats, and Fish','',85,109,NULL),(153,250926.14,'2004-09-09',0,1,12,4935,'oakland lane',23394,'Rockford','Florida','MEX',11,3,'E',1,4455.49,'Dogs, and Fish','',151,92,NULL),(154,519614.93,'2022-06-29',1,1,4,8,'leaf bypass',18301,'Essex','Washington','LUX',3,1,'EW',0,7347.94,'None','',275,70,34),(155,5979795.41,'2008-11-07',1,1,4,8576,'leaf road',40473,'Nampa','Pennsylvania','MEX',4,1,'E',0,96448.09,'None','',468,7,98),(156,1916718.56,'2016-01-26',0,1,12,7626,'wabash road',11346,'Saint Paul','Minnesota','LUX',9,1,'EW',0,16633.06,'Fish','',268,94,NULL),(157,130653.56,'2022-02-17',1,1,2,5859,'innertable avenue',60574,'Essex','Georgia','CAN',2,1,'EW',1,1296.23,'None','',99,22,NULL),(158,149078.19,'2022-10-21',0,2,3,783,'washington avenue',40975,'Nampa','Vermont','LUX',3,1,'EW',1,2025.85,'Fish','',481,11,NULL),(159,1252971.46,'2015-12-19',1,2,12,3583,'picadily parkway',51634,'Nampa','Mississippi','LUX',10,3,'E',0,9575.49,'Dogs, and Fish','',270,49,NULL),(160,103419.89,'2023-06-15',0,1,7,1947,'cornville driveway',67221,'Gaithersburg','Oregon','LUX',5,1,'EW',0,1704.52,'Cats, Dogs, and FishCats, and Fish','',141,75,NULL),(161,2310764.50,'2022-08-01',1,1,1,659,'overtable parkway',30088,'Davenport','Wisconsin','LUX',1,1,'EW in rent',0,34884.74,'None','',170,89,NULL),(162,2313825.36,'2023-02-04',1,1,10,9247,'sidetable bypass',53538,'Helena','Vermont','USA',9,2,'EW',0,32799.94,'Dogs, and Fish','',208,66,235),(163,655510.84,'2004-12-19',0,1,2,4235,'wells bypass',19043,'Rockford','Minor Outlying Islands','MEX',2,1,'EW in rent',0,7072.62,'Dogs, and Fish','',221,44,NULL),(164,2207749.22,'2018-01-17',1,1,12,4854,'wabash parkway',89867,'Cambridge','Washington','USA',7,2,'EW in rent',1,40414.96,'None','',396,81,NULL),(165,4285374.82,'2016-03-22',0,1,4,1215,'washington avenue',1292,'Spokane','American Samoa','USA',3,1,'EW in rent',0,48594.82,'Dogs, and Fish','',488,120,NULL),(166,100213.40,'2002-08-06',0,1,5,532,'overtable parkway',85010,'Southaven','Colorado','LUX',3,2,'E in rent',0,1641.24,'Fish','',29,100,NULL),(167,654285.77,'2015-09-21',1,1,9,3992,'kennelton lane',25292,'Denver','Guam','MEX',6,3,'EW',0,4530.95,'Cats, Dogs, and FishCats, and Fish','',460,6,NULL),(168,100106.90,'2005-12-12',0,1,4,4182,'wabash parkway',24312,'St. Petersburg','New York','LUX',3,1,'E in rent',0,1167.58,'Cats, Dogs, and FishCats, and Fish','',458,100,NULL),(169,152565.35,'2020-08-26',1,2,7,461,'quasi road',73622,'Saint Paul','Northern Mariana Islands','CAN',5,2,'EW',1,1241.86,'Fish','',265,120,NULL),(170,584381.70,'2015-10-02',0,1,0,6863,'washington steet',74417,'Saint Paul','Michigan','MEX',1,1,'E',0,9700.12,'Fish','',299,8,NULL),(171,5215761.09,'2007-11-05',0,1,5,1085,'washington driveway',97200,'Burlington','Rhode Island','USA',4,1,'EW in rent',1,56305.38,'Cats, Dogs, and FishCats, and Fish','',75,109,NULL),(172,167830.09,'2002-06-09',1,2,2,4243,'quail avenue',78749,'Denver','New Hampshire','MEX',2,1,'E in rent',0,2765.94,'None','',196,69,207),(173,1219085.74,'2011-02-18',0,2,10,5905,'wells steet',20656,'Nampa','West Virginia','USA',8,3,'EW in rent',1,11128.91,'Fish','',2,8,110),(174,4058519.88,'2002-08-11',1,2,5,2487,'quasi steet',17128,'Spokane','Arizona','MEX',5,1,'E',1,68020.03,'Cats, Dogs, and FishCats, and Fish','',387,20,NULL),(175,3484196.93,'2009-05-13',1,2,10,5295,'sidetable bypass',35794,'Grand Rapids','Florida','USA',9,2,'EW',0,22512.24,'Cats, Dogs, and FishCats, and Fish','',68,56,NULL),(176,697344.13,'2012-01-30',0,1,2,1439,'quasi lane',61989,'Spokane','Iowa','CAN',2,1,'E',0,5704.53,'None','',202,74,NULL),(177,122010.79,'2007-01-16',1,2,12,4777,'leaf bypass',90471,'Davenport','Iowa','CAN',10,1,'EW in rent',0,1827.28,'Fish','',384,52,NULL),(178,7210127.90,'2010-01-26',1,1,6,7118,'woobriar driveway',83521,'Helena','Alabama','USA',5,1,'EW',0,107010.19,'None','',138,75,54),(179,124064.51,'2023-06-08',0,2,5,9120,'oakland parkway',28768,'Rockford','Missouri','USA',5,1,'EW in rent',1,2147.33,'None','',283,102,NULL),(180,8388882.43,'2021-02-28',0,1,3,5563,'overtable avenue',47749,'Spokane','Virginia','LUX',3,1,'E in rent',0,92666.08,'Dogs, and Fish','',16,74,NULL),(181,639648.77,'2007-02-25',0,1,12,5211,'peak parkway',30703,'Wichita','Missouri','USA',11,1,'EW in rent',1,11984.76,'None','',110,66,NULL),(182,1361137.41,'2020-03-30',1,1,11,8349,'innertable parkway',34885,'Davenport','Kansas','LUX',8,2,'E',1,21881.83,'None','',476,50,NULL),(183,1364961.49,'2013-02-28',1,2,6,3745,'kennelton bypass',19459,'Southaven','Indiana','CAN',5,1,'EW',0,20585.57,'Cats, Dogs, and FishCats, and Fish','',79,36,99),(184,2858231.99,'2009-03-27',1,2,1,5909,'cornville driveway',90666,'Tulsa','West Virginia','LUX',1,1,'EW',0,20047.74,'None','',243,110,NULL),(185,5225658.60,'2005-08-21',0,1,2,8471,'overtable road',57506,'Minneapolis','Ohio','CAN',2,1,'EW',0,79531.86,'Dogs, and Fish','',149,95,NULL),(186,812702.44,'2010-03-08',0,1,7,8969,'washington road',37696,'Denver','Missouri','USA',5,2,'E in rent',0,10390.27,'Fish','',306,24,NULL),(187,700126.75,'2013-08-10',1,1,5,7726,'washington avenue',28846,'Grand Rapids','Alaska','USA',3,1,'E',1,6524.68,'None','',493,119,136),(188,3682339.80,'2010-10-12',1,2,8,5957,'overtable parkway',10425,'Wichita','Texas','MEX',5,1,'E in rent',1,38514.50,'Cats, Dogs, and FishCats, and Fish','',404,106,NULL),(189,2152881.25,'2006-05-28',1,1,8,7227,'overtable avenue',71723,'Tulsa','Minor Outlying Islands','USA',6,1,'EW',1,39484.53,'Dogs, and Fish','',128,105,NULL),(190,396264.28,'2022-09-26',0,2,12,2286,'overtable road',28348,'Grand Rapids','South Carolina','MEX',9,2,'E in rent',1,7515.38,'None','',346,87,NULL),(191,5182459.55,'2005-07-28',1,2,5,9154,'wells steet',15476,'St. Petersburg','Illinois','LUX',4,2,'E',0,40915.12,'Dogs, and Fish','',361,24,127),(192,160800.11,'2009-06-05',0,1,8,1801,'washington parkway',64459,'Nampa','Nebraska','MEX',7,1,'E',0,1620.41,'Dogs, and Fish','',146,22,NULL),(193,7969228.69,'2008-05-01',1,2,1,6388,'woobriar bypass',56347,'St. Petersburg','New Hampshire','USA',1,1,'E in rent',0,42120.23,'Fish','',109,108,NULL),(194,2330638.42,'2010-12-22',0,1,8,6732,'oakland lane',69184,'Spokane','New Jersey','USA',5,1,'EW',0,23493.35,'Fish','',101,119,NULL),(195,315578.88,'2017-10-07',1,1,11,8994,'woobriar lane',91889,'Helena','Montana','MEX',8,3,'EW',1,6029.57,'None','',274,32,35),(196,190013.58,'2017-01-11',1,1,7,7325,'innertable driveway',61513,'Burlington','Puerto Rico','MEX',5,2,'EW in rent',1,3350.09,'None','',259,122,NULL),(197,223869.52,'2017-12-31',1,2,9,1174,'picadily bypass',53819,'Tulsa','Nebraska','MEX',9,1,'E in rent',1,1795.99,'Cats, Dogs, and FishCats, and Fish','',487,121,65),(198,2804593.45,'2014-08-17',1,1,2,804,'peak driveway',44762,'Davenport','New Jersey','MEX',2,1,'E in rent',1,29237.03,'None','',473,79,NULL),(199,836661.36,'2016-08-16',1,1,12,6826,'leaf steet',31926,'Davenport','New Jersey','LUX',7,1,'E',1,14085.77,'Cats, Dogs, and FishCats, and Fish','',228,3,NULL),(200,3965811.45,'2013-10-28',0,1,6,2003,'kennelton lane',17334,'Cambridge','Tennessee','USA',4,1,'E in rent',1,63843.24,'Cats, Dogs, and FishCats, and Fish','',74,12,NULL),(201,2336713.28,'2009-02-10',1,2,3,2765,'quail road',25618,'Denver','Louisiana','LUX',2,1,'E in rent',0,46680.59,'Dogs, and Fish','',420,65,NULL),(202,7993681.40,'2002-02-13',0,2,11,6087,'picadily avenue',47105,'Minneapolis','Minnesota','CAN',7,1,'E in rent',1,40021.44,'Dogs, and Fish','',66,17,NULL),(203,587819.98,'2006-10-23',1,1,1,5367,'innertable parkway',46416,'Denver','Arkansas','MEX',1,1,'EW in rent',0,6240.23,'Cats, Dogs, and FishCats, and Fish','',260,103,NULL),(204,2154746.31,'2007-02-12',1,1,12,6258,'innertable steet',64903,'Grand Rapids','Missouri','MEX',9,2,'E',1,14687.69,'None','',274,77,NULL),(205,2253891.81,'2017-03-14',1,2,6,2752,'quail driveway',67247,'Minneapolis','U.S. Virgin Islands','USA',6,1,'E',0,26971.00,'Dogs, and Fish','',490,31,NULL),(206,2610794.13,'2016-04-12',0,2,4,1725,'wells avenue',81633,'Saint Paul','Colorado','USA',3,1,'E in rent',0,38594.47,'Dogs, and Fish','',105,13,NULL),(207,246074.58,'2016-07-24',1,1,12,2011,'picadily bypass',73418,'Davenport','Illinois','USA',9,1,'EW',0,1563.44,'Cats, Dogs, and FishCats, and Fish','',15,96,NULL),(208,1216457.04,'2003-08-09',1,2,12,8702,'innertable steet',33665,'Spokane','North Carolina','USA',11,3,'EW',1,20073.56,'Fish','',349,46,NULL),(209,604965.97,'2007-03-06',1,2,3,9547,'picadily road',27924,'Saint Paul','Hawaii','USA',3,1,'EW in rent',0,10573.06,'Dogs, and Fish','',317,10,NULL),(210,589565.10,'2005-02-12',1,2,8,131,'undertable parkway',24926,'Wichita','Arkansas','MEX',7,2,'EW in rent',0,3316.00,'Dogs, and Fish','',396,22,NULL),(211,909440.71,'2011-06-25',0,2,7,7403,'kennelton bypass',83855,'Helena','Arkansas','LUX',7,1,'EW in rent',0,6395.24,'Dogs, and Fish','',461,68,NULL),(212,226159.88,'2020-04-17',0,1,6,331,'overtable avenue',46082,'Cambridge','Mississippi','LUX',4,1,'E',0,1137.16,'None','',50,81,NULL),(213,299553.93,'2018-08-03',0,2,8,7459,'undertable lane',83929,'Missoula','New Mexico','CAN',8,1,'E in rent',1,2793.77,'None','',340,8,95),(214,218631.12,'2016-08-04',0,1,0,6797,'quail road',59417,'Spokane','North Dakota','USA',1,1,'EW in rent',1,3327.89,'Fish','',158,81,NULL),(215,4483983.14,'2013-10-20',1,1,6,3358,'kennelton driveway',73655,'Rockford','American Samoa','LUX',4,1,'E',1,86832.87,'Cats, Dogs, and FishCats, and Fish','',299,2,NULL),(216,741336.20,'2017-08-20',0,1,9,291,'sidetable lane',95570,'Wichita','Arkansas','CAN',7,1,'EW',1,9894.82,'None','',239,13,NULL),(217,1041553.68,'2007-08-11',1,2,4,9932,'wabash steet',52358,'Gaithersburg','Tennessee','CAN',4,1,'E in rent',1,7956.67,'Fish','',422,69,NULL),(218,5173439.61,'2010-10-11',0,1,10,1950,'quail driveway',67717,'Gaithersburg','Tennessee','CAN',8,2,'E in rent',1,61905.26,'Cats, Dogs, and FishCats, and Fish','',381,101,NULL),(219,356854.40,'2022-01-22',0,2,9,5357,'cornville bypass',64690,'Helena','American Samoa','USA',6,1,'E in rent',0,5156.05,'Dogs, and Fish','',1,118,NULL),(220,937792.08,'2006-10-18',0,1,0,1771,'woobriar avenue',12000,'Burlington','Nevada','CAN',1,1,'E',1,10977.63,'Cats, Dogs, and FishCats, and Fish','',311,51,252),(221,3404943.65,'2006-10-19',0,1,1,2345,'undertable avenue',72089,'St. Petersburg','Wyoming','USA',1,1,'E',0,60479.93,'None','',278,16,NULL),(222,5787672.17,'2012-04-30',0,1,8,6429,'woobriar road',83517,'Southaven','Colorado','LUX',6,2,'EW in rent',1,114855.19,'Fish','',475,76,NULL),(223,384813.22,'2008-08-15',1,1,2,2710,'cornville steet',55072,'Southaven','Rhode Island','LUX',2,1,'EW',0,2876.08,'Cats, Dogs, and FishCats, and Fish','',430,61,NULL),(224,8860147.25,'2004-04-24',1,2,8,1982,'wabash avenue',30926,'Pike Creek','Maryland','MEX',6,1,'EW',0,112978.34,'None','',252,55,NULL),(225,114935.33,'2004-12-12',1,2,2,21,'wells avenue',15016,'Rockford','Louisiana','CAN',2,1,'EW in rent',0,2124.39,'Cats, Dogs, and FishCats, and Fish','',45,122,NULL),(226,8474170.48,'2019-10-11',1,1,0,9544,'cornville avenue',73582,'Spokane','West Virginia','USA',1,1,'EW',0,138212.13,'Fish','',292,35,NULL),(227,1274222.28,'2007-04-22',0,2,0,3349,'washington lane',60719,'Davenport','Vermont','LUX',1,1,'E',0,25329.27,'Dogs, and Fish','',293,99,NULL),(228,1080242.25,'2019-12-06',1,2,4,2618,'woobriar bypass',46691,'Denver','Vermont','LUX',3,1,'E',0,9276.20,'Fish','',305,103,NULL),(229,152187.69,'2020-10-29',1,2,11,8892,'undertable lane',55617,'Spokane','Texas','LUX',9,2,'EW in rent',0,1604.85,'None','',267,14,NULL),(230,4310049.19,'2014-06-17',1,1,3,5136,'quail bypass',45480,'St. Petersburg','Arkansas','CAN',2,1,'EW',1,37012.52,'Cats, Dogs, and FishCats, and Fish','',206,104,NULL),(231,200703.81,'2021-06-20',0,1,0,5629,'wabash avenue',22506,'Rockford','Alabama','USA',1,1,'E in rent',1,2517.45,'Fish','',442,40,NULL),(232,161436.90,'2005-01-20',0,1,4,3613,'oakland lane',17805,'Rockford','Montana','CAN',3,1,'E in rent',1,1057.74,'Dogs, and Fish','',44,30,NULL),(233,4922607.87,'2003-02-04',0,2,5,7077,'cornville bypass',4060,'Essex','Arizona','LUX',4,2,'EW',0,47774.29,'Cats, Dogs, and FishCats, and Fish','',384,33,NULL),(234,595482.21,'2017-07-03',1,1,4,2461,'overtable driveway',20694,'Missoula','Connecticut','LUX',3,1,'EW',1,7162.65,'Cats, Dogs, and FishCats, and Fish','',60,9,40),(235,291434.35,'2022-03-26',0,2,1,4640,'wabash lane',50921,'St. Petersburg','Connecticut','USA',1,1,'E in rent',0,1792.72,'Dogs, and Fish','',272,22,NULL),(236,3077501.62,'2003-04-28',0,1,2,5299,'oakland parkway',51344,'Gaithersburg','Nebraska','LUX',2,1,'E in rent',1,17652.38,'Cats, Dogs, and FishCats, and Fish','',263,24,174),(237,7545849.24,'2018-08-31',0,2,5,2236,'picadily avenue',87467,'Southaven','New Hampshire','MEX',5,1,'EW',0,57034.11,'Cats, Dogs, and FishCats, and Fish','',116,98,NULL),(238,683114.79,'2021-11-15',1,2,8,866,'undertable bypass',30242,'Burlington','Pennsylvania','LUX',6,2,'E in rent',1,4857.11,'Fish','',294,35,NULL),(239,2337618.56,'2017-01-15',1,2,5,5026,'undertable bypass',99144,'Missoula','Illinois','CAN',4,1,'E in rent',1,18397.58,'Cats, Dogs, and FishCats, and Fish','',240,38,NULL),(240,2217369.78,'2007-12-10',0,2,2,4539,'cornville road',24480,'Cambridge','Minnesota','USA',2,1,'E in rent',1,32306.99,'None','',346,85,NULL),(241,554034.82,'2008-04-30',1,2,3,9009,'leaf steet',21590,'Minneapolis','Tennessee','CAN',3,1,'E',0,5135.20,'Fish','',350,49,31),(242,662455.84,'2002-03-18',0,1,1,2966,'innertable lane',26774,'Helena','District of Columbia','MEX',1,1,'E',1,5596.02,'Cats, Dogs, and FishCats, and Fish','',317,35,NULL),(243,8998466.07,'2003-08-28',0,2,0,6721,'quasi avenue',34187,'Missoula','Connecticut','MEX',1,1,'EW',1,85032.74,'Fish','',402,21,NULL),(244,100050.85,'2019-09-02',0,2,4,2690,'picadily steet',31266,'Rockford','Rhode Island','USA',4,1,'E in rent',1,1410.80,'Fish','',126,51,206),(245,9305333.60,'2019-01-23',0,1,4,9007,'innertable lane',35044,'Cambridge','Missouri','USA',4,1,'E in rent',1,139655.22,'Cats, Dogs, and FishCats, and Fish','',177,41,NULL),(246,5196243.05,'2019-10-20',1,1,4,8966,'woobriar driveway',87567,'Saint Paul','Utah','USA',4,1,'E in rent',1,87800.35,'Cats, Dogs, and FishCats, and Fish','',250,56,NULL),(247,1938715.90,'2006-06-22',1,1,4,2550,'sidetable steet',86011,'Tulsa','District of Columbia','MEX',4,1,'E',0,10864.43,'Fish','',183,7,NULL),(248,707867.86,'2007-11-16',1,2,7,7701,'kennelton avenue',78957,'Davenport','Northern Mariana Islands','MEX',4,2,'EW',1,11831.68,'Fish','',264,114,NULL),(249,103236.00,'2012-11-21',1,1,9,6955,'quail road',95318,'Essex','Ohio','MEX',5,2,'E',0,534.44,'Dogs, and Fish','',47,10,NULL),(250,3366156.70,'2014-04-02',1,1,9,9808,'quasi driveway',30610,'Helena','Rhode Island','CAN',5,1,'EW in rent',0,39007.54,'Dogs, and Fish','',277,49,264),(251,9508067.10,'2019-07-24',1,1,1,6954,'undertable bypass',33983,'Minneapolis','North Dakota','CAN',1,1,'EW',1,63226.14,'None','',396,113,NULL),(252,2067222.02,'2014-06-20',1,1,1,4539,'cornville lane',8390,'Philadelphia','Delaware','CAN',1,1,'E',0,37598.04,'None','',410,11,NULL),(253,461600.48,'2021-06-11',1,1,9,9013,'washington parkway',44353,'Pike Creek','Montana','CAN',6,2,'EW in rent',1,6357.87,'None','',335,78,NULL),(254,6686639.71,'2011-09-12',1,1,11,9290,'cornville bypass',40333,'Helena','Idaho','USA',8,1,'EW in rent',1,117714.20,'Dogs, and Fish','',221,13,NULL),(255,570949.14,'2008-07-20',0,1,2,4500,'overtable avenue',20288,'Nampa','Idaho','LUX',2,1,'EW in rent',0,7777.90,'None','',328,92,NULL),(256,3858274.53,'2007-11-01',1,2,5,1788,'washington parkway',34910,'Essex','Louisiana','LUX',5,1,'E in rent',1,32701.76,'Dogs, and Fish','',464,11,NULL),(257,206961.84,'2018-06-07',0,1,2,5464,'oakland steet',91125,'Minneapolis','Missouri','USA',2,1,'E',0,3242.73,'Dogs, and Fish','',125,8,NULL),(258,2623215.26,'2009-08-24',1,1,6,6204,'washington bypass',26528,'Cambridge','Oregon','LUX',4,1,'E',0,24693.31,'Fish','',396,67,NULL),(259,161628.76,'2020-11-17',0,1,10,6662,'overtable steet',20172,'Spokane','Rhode Island','MEX',6,2,'E',0,2005.51,'Dogs, and Fish','',276,91,NULL),(260,7562475.49,'2017-01-09',1,1,5,9594,'picadily lane',77150,'Essex','Wisconsin','CAN',5,1,'EW in rent',1,112665.77,'None','',205,83,NULL),(261,1227115.89,'2012-05-19',0,1,1,3186,'peak steet',70206,'Rockford','Utah','USA',1,1,'E',0,22409.22,'Fish','',266,119,NULL),(262,2961921.69,'2010-03-08',1,2,10,2147,'wabash parkway',51746,'Essex','Guam','MEX',10,2,'EW in rent',0,22121.63,'Dogs, and Fish','',431,54,NULL),(263,7709245.32,'2008-12-30',0,1,5,6855,'kennelton steet',7809,'Denver','Ohio','USA',5,1,'EW in rent',0,63967.88,'Fish','',463,3,NULL),(264,2816905.57,'2022-07-21',1,2,5,1849,'sidetable parkway',6058,'Davenport','Ohio','CAN',4,1,'EW in rent',1,51344.01,'None','',387,52,NULL),(265,7509600.76,'2004-01-03',1,1,6,1296,'woobriar avenue',52606,'Rockford','Kentucky','MEX',4,1,'EW in rent',1,74801.17,'Dogs, and Fish','',443,66,NULL),(266,178340.15,'2009-09-26',1,2,12,7153,'oakland lane',23077,'Rockford','Hawaii','USA',11,1,'EW in rent',1,3002.61,'Dogs, and Fish','',335,29,NULL),(267,7161173.96,'2011-02-07',0,2,4,1075,'kennelton parkway',8862,'Wichita','Rhode Island','MEX',4,1,'E',0,88816.42,'Fish','',427,109,NULL),(268,6009717.42,'2010-03-11',1,1,4,7700,'innertable lane',89563,'St. Petersburg','Pennsylvania','USA',4,1,'EW in rent',1,95449.94,'Fish','',390,72,NULL),(269,2153179.44,'2017-10-07',0,2,6,9216,'overtable road',85588,'Spokane','Idaho','CAN',5,1,'EW',1,14357.92,'None','',450,41,NULL),(270,748548.22,'2011-01-26',1,1,3,6404,'picadily bypass',44887,'Philadelphia','Guam','USA',3,1,'E in rent',1,5639.71,'Dogs, and Fish','',495,18,NULL),(271,454541.92,'2008-11-23',0,1,2,5749,'washington lane',1336,'St. Petersburg','South Dakota','LUX',2,1,'E in rent',1,6279.72,'Dogs, and Fish','',461,96,NULL),(272,5013442.59,'2015-03-02',1,2,1,2666,'peak driveway',21118,'Gaithersburg','Tennessee','MEX',1,1,'EW',1,63213.06,'None','',278,103,18),(273,101633.79,'2009-10-17',1,1,10,6072,'oakland lane',62307,'Denver','Arkansas','LUX',10,1,'E in rent',1,1884.23,'None','',26,52,NULL),(274,337159.46,'2006-07-01',0,1,6,4840,'leaf road',68374,'Saint Paul','Minor Outlying Islands','USA',5,1,'E in rent',1,5820.90,'Dogs, and Fish','',354,6,NULL),(275,5801827.38,'2011-02-16',1,2,1,7150,'cornville road',76498,'Nampa','Colorado','CAN',1,1,'E in rent',0,85694.71,'Fish','',79,75,NULL),(276,1234944.68,'2007-01-04',0,1,7,3760,'innertable steet',42108,'Missoula','Louisiana','CAN',5,1,'EW',0,13002.68,'None','',448,124,NULL),(277,165348.95,'2011-02-18',0,1,4,9058,'leaf bypass',96455,'Cambridge','Michigan','LUX',4,1,'E in rent',0,2084.69,'Dogs, and Fish','',416,37,75),(278,115581.42,'2006-02-06',0,1,9,347,'cornville driveway',45050,'Minneapolis','Vermont','MEX',8,1,'E',1,2277.36,'Dogs, and Fish','',483,43,NULL),(279,2527229.91,'2011-07-19',0,1,5,5561,'sidetable avenue',59906,'Davenport','Hawaii','USA',5,1,'E',0,47996.35,'Cats, Dogs, and FishCats, and Fish','',71,75,145),(280,682420.98,'2012-04-14',1,2,4,3395,'leaf avenue',79154,'Saint Paul','Puerto Rico','MEX',4,1,'E in rent',1,12521.19,'Cats, Dogs, and FishCats, and Fish','',231,63,NULL),(281,535377.86,'2018-01-08',1,2,3,1319,'peak bypass',38015,'Rockford','Delaware','LUX',3,1,'EW',0,8429.56,'Cats, Dogs, and FishCats, and Fish','',376,68,49),(282,586445.09,'2019-08-18',0,1,7,717,'sidetable avenue',84925,'Davenport','Maryland','USA',6,1,'E',0,8682.15,'Fish','',304,26,126),(283,2519897.72,'2020-08-07',0,1,8,1271,'quasi road',80700,'Spokane','Vermont','MEX',5,2,'E',1,23598.95,'None','',39,86,NULL),(284,2017220.06,'2020-03-22',0,2,11,1908,'picadily steet',57114,'Philadelphia','New York','CAN',10,2,'E',0,29656.44,'Dogs, and Fish','',412,121,NULL),(285,260021.14,'2016-07-18',0,2,10,4522,'oakland lane',13983,'Essex','New Hampshire','USA',9,2,'E',1,3998.83,'Fish','',205,68,NULL),(286,359322.24,'2005-08-13',0,1,8,4518,'wabash avenue',26514,'Gaithersburg','Kentucky','MEX',5,1,'EW in rent',1,5007.89,'None','',409,71,NULL),(287,250814.07,'2005-12-06',0,2,12,5608,'woobriar parkway',67873,'Pike Creek','Alabama','MEX',9,2,'E in rent',0,4174.39,'Dogs, and Fish','',169,86,NULL),(288,292049.77,'2006-08-07',0,2,6,3774,'washington lane',48493,'Saint Paul','Idaho','CAN',5,2,'E in rent',0,2363.63,'Cats, Dogs, and FishCats, and Fish','',219,31,NULL),(289,4720401.61,'2004-12-05',1,1,8,2070,'kennelton driveway',31130,'Gaithersburg','Arizona','CAN',7,2,'E in rent',1,65612.08,'None','',233,12,NULL),(290,127717.80,'2020-02-24',1,2,1,9713,'cornville parkway',21975,'Essex','Wisconsin','CAN',1,1,'E',0,2318.25,'Fish','',70,59,NULL),(291,110693.42,'2009-11-11',0,2,4,5289,'cornville parkway',22141,'St. Petersburg','Ohio','CAN',3,1,'E in rent',1,1244.83,'Cats, Dogs, and FishCats, and Fish','',415,62,NULL),(292,2360072.58,'2016-09-29',0,1,5,9669,'innertable parkway',53379,'Missoula','Virginia','USA',4,1,'EW',0,35855.32,'Cats, Dogs, and FishCats, and Fish','',258,85,NULL),(293,134062.85,'2003-04-16',1,1,6,7545,'overtable parkway',54973,'Philadelphia','District of Columbia','USA',6,1,'E in rent',0,1177.89,'Fish','',349,111,NULL),(294,242783.04,'2004-04-12',0,2,5,9970,'cornville steet',6175,'Grand Rapids','Tennessee','MEX',4,1,'E in rent',1,4057.63,'None','',57,121,NULL),(295,1146071.13,'2007-11-08',0,1,12,9381,'wabash lane',51136,'Saint Paul','Rhode Island','USA',11,1,'E in rent',1,22673.96,'Fish','',329,17,NULL),(296,4224209.45,'2010-06-09',1,1,7,8795,'sidetable steet',62022,'Rockford','Iowa','LUX',7,2,'EW',0,27117.44,'None','',157,26,NULL),(297,2976676.54,'2004-01-26',0,1,12,8701,'cornville steet',12696,'Philadelphia','Nebraska','LUX',11,2,'EW',0,35469.31,'Fish','',140,86,NULL),(298,106032.83,'2008-11-19',0,2,7,5752,'kennelton steet',89842,'Cambridge','Delaware','USA',7,1,'E',1,2102.48,'Dogs, and Fish','',472,24,NULL),(299,688453.66,'2005-06-07',1,2,0,5455,'overtable parkway',31751,'Denver','Iowa','MEX',1,1,'EW',1,6043.64,'Dogs, and Fish','',158,100,203),(300,1495855.76,'2022-06-24',0,1,8,8697,'quail avenue',57918,'Spokane','Minnesota','USA',7,2,'EW',0,16467.70,'Cats, Dogs, and FishCats, and Fish','',241,57,233),(301,171473.46,'2017-08-06',1,1,1,3479,'leaf driveway',95205,'Rockford','Alabama','MEX',1,1,'EW',0,2266.26,'Fish','',397,9,186),(302,215546.75,'2012-07-03',1,1,6,1066,'wabash driveway',23061,'St. Petersburg','Georgia','CAN',4,2,'E in rent',0,4050.70,'Cats, Dogs, and FishCats, and Fish','',160,85,NULL),(303,679848.52,'2017-11-11',1,1,3,4900,'quasi parkway',21111,'Tulsa','Oklahoma','USA',2,1,'EW in rent',1,11060.24,'Dogs, and Fish','',92,85,NULL),(304,2667225.21,'2005-01-10',1,1,3,5578,'undertable bypass',78171,'Southaven','Louisiana','USA',3,1,'E',0,18915.51,'Cats, Dogs, and FishCats, and Fish','',208,13,235),(305,337031.24,'2006-09-23',0,1,3,2568,'overtable avenue',8467,'Saint Paul','California','USA',3,1,'E',1,3162.33,'Fish','',323,75,NULL),(306,102990.46,'2002-02-23',1,2,8,1374,'innertable bypass',70869,'Essex','Alabama','LUX',8,2,'E',0,616.62,'Fish','',333,14,NULL),(307,1092005.84,'2010-03-07',0,1,9,3741,'woobriar steet',66296,'Tulsa','Florida','USA',9,2,'EW',0,7501.35,'None','',396,109,28),(308,1010638.15,'2018-03-28',0,2,10,4006,'overtable lane',64542,'Cambridge','Nebraska','USA',9,1,'EW',1,13525.69,'Cats, Dogs, and FishCats, and Fish','',460,62,NULL),(309,4672004.98,'2002-04-04',1,1,1,5226,'innertable avenue',10358,'Burlington','Utah','USA',1,1,'EW in rent',1,49792.64,'Dogs, and Fish','',285,57,NULL),(310,5147564.13,'2011-05-26',1,1,3,1361,'kennelton steet',58226,'Tulsa','Indiana','USA',3,1,'E in rent',1,74607.58,'None','',101,33,NULL),(311,100744.11,'2015-04-26',1,1,12,4250,'quail road',60178,'Tulsa','South Carolina','CAN',7,2,'E in rent',1,1515.48,'Cats, Dogs, and FishCats, and Fish','',247,66,NULL),(312,4101870.30,'2004-10-19',0,1,1,9961,'picadily avenue',80094,'Rockford','Texas','MEX',1,1,'EW',1,45048.22,'Fish','',49,70,NULL),(313,413781.19,'2002-02-27',0,2,9,9993,'quail bypass',63198,'Pike Creek','Louisiana','CAN',7,1,'EW in rent',0,7174.66,'Cats, Dogs, and FishCats, and Fish','',326,111,180),(314,6414413.40,'2007-09-21',1,1,7,897,'overtable lane',78426,'Saint Paul','Idaho','MEX',5,1,'E',1,51774.75,'Fish','',295,114,144),(315,2607886.91,'2008-09-20',0,2,5,9348,'picadily parkway',42214,'Spokane','Nevada','USA',3,1,'E',0,45278.73,'Fish','',126,106,NULL),(316,106746.64,'2003-01-11',0,1,11,6853,'washington lane',11392,'Grand Rapids','South Carolina','MEX',7,2,'EW',0,860.84,'None','',133,114,NULL),(317,3075678.17,'2017-01-21',1,1,9,6829,'wabash lane',31397,'Nampa','Guam','MEX',6,3,'EW in rent',0,53188.16,'Fish','',236,57,NULL),(318,101669.13,'2014-05-21',1,1,12,3727,'peak avenue',47450,'Cambridge','Michigan','MEX',10,3,'EW in rent',0,1322.77,'None','',257,46,NULL),(319,162824.32,'2015-04-07',1,1,7,4359,'oakland parkway',65884,'Spokane','Minor Outlying Islands','MEX',6,2,'E',0,2245.67,'Fish','',351,37,NULL),(320,103423.21,'2018-10-14',1,1,9,8128,'overtable parkway',51770,'Southaven','Tennessee','LUX',9,2,'EW in rent',0,1643.85,'Dogs, and Fish','',114,92,NULL),(321,1730263.34,'2002-10-31',1,2,10,2803,'picadily steet',2158,'Rockford','Wyoming','MEX',10,2,'EW',1,25535.05,'Fish','',362,116,NULL),(322,2610761.67,'2011-11-14',1,1,4,9055,'wabash bypass',25648,'Rockford','Maryland','USA',3,1,'EW in rent',0,17280.31,'Cats, Dogs, and FishCats, and Fish','',247,50,NULL),(323,117510.51,'2008-10-30',0,2,12,5216,'picadily avenue',67917,'Denver','Montana','MEX',8,3,'E',1,2150.21,'None','',28,68,248),(324,413411.37,'2012-08-29',0,1,11,1844,'innertable lane',18525,'Denver','Maine','LUX',8,2,'EW',1,7171.79,'Dogs, and Fish','',76,6,NULL),(325,6508324.84,'2019-12-14',1,1,3,5600,'peak road',73862,'Rockford','Ohio','USA',2,1,'E in rent',0,89404.97,'Fish','',38,117,107),(326,2785217.56,'2006-08-31',1,1,10,8943,'kennelton lane',95124,'Saint Paul','Utah','LUX',9,2,'EW in rent',1,24317.74,'None','',53,34,NULL),(327,375070.19,'2003-06-15',0,1,2,1051,'kennelton lane',13823,'Saint Paul','Delaware','LUX',2,1,'EW in rent',1,6749.92,'Fish','',312,70,NULL),(328,1983848.07,'2020-08-29',0,2,5,2503,'quasi road',72638,'Essex','New York','LUX',5,1,'E',0,11538.82,'Dogs, and Fish','',76,95,NULL),(329,2174833.92,'2019-11-20',0,2,11,261,'washington bypass',53592,'Cambridge','Indiana','USA',10,1,'EW in rent',1,39258.71,'None','',267,75,NULL),(330,1830062.55,'2023-06-17',0,1,9,4816,'quasi bypass',49826,'Denver','New Jersey','USA',6,2,'E',0,11440.52,'Cats, Dogs, and FishCats, and Fish','',281,102,229),(331,910051.91,'2018-08-26',1,1,8,2678,'cornville lane',3956,'St. Petersburg','South Dakota','CAN',8,1,'EW in rent',1,9479.94,'Fish','',441,52,NULL),(332,7348785.79,'2019-03-16',1,1,2,8543,'oakland driveway',83594,'St. Petersburg','Guam','CAN',2,1,'E',0,55858.14,'None','',263,84,NULL),(333,2832414.33,'2009-12-17',1,1,0,2906,'overtable driveway',84090,'Saint Paul','Connecticut','MEX',1,1,'E',1,30990.66,'Dogs, and Fish','',366,99,NULL),(334,7685835.85,'2020-07-06',1,2,12,7135,'quail driveway',60245,'Missoula','Pennsylvania','USA',12,1,'E in rent',1,97381.29,'Cats, Dogs, and FishCats, and Fish','',213,78,NULL),(335,278973.98,'2009-11-09',1,2,10,1878,'washington bypass',30625,'Cambridge','Missouri','CAN',8,1,'EW',1,1515.09,'Fish','',375,91,NULL),(336,4258048.09,'2008-05-28',0,2,4,3539,'oakland steet',90622,'Nampa','Michigan','LUX',3,1,'E in rent',1,63890.39,'Cats, Dogs, and FishCats, and Fish','',96,57,NULL),(337,758242.36,'2014-03-21',1,2,9,2701,'oakland driveway',47376,'Spokane','Hawaii','USA',6,1,'E',0,6920.48,'Cats, Dogs, and FishCats, and Fish','',465,82,NULL),(338,564329.71,'2007-04-02',0,1,6,7484,'peak avenue',60086,'Wichita','Nebraska','CAN',6,2,'EW',0,10212.55,'Fish','',163,79,NULL),(339,1522132.73,'2012-02-07',1,1,6,1819,'quail bypass',66171,'Davenport','American Samoa','USA',6,2,'E',1,25933.37,'None','',177,10,NULL),(340,176914.19,'2018-09-28',0,1,9,249,'undertable driveway',20901,'Cambridge','Maine','CAN',7,1,'EW in rent',1,2089.92,'Fish','',74,125,NULL),(341,698606.13,'2013-11-19',0,2,2,5396,'oakland road',97584,'Nampa','Arizona','LUX',2,1,'EW in rent',0,4939.33,'None','',28,122,NULL),(342,4829864.90,'2013-06-25',1,1,0,2235,'cornville bypass',64093,'Burlington','Florida','CAN',1,1,'E',0,62830.94,'None','',470,58,NULL),(343,2921895.71,'2015-05-20',1,1,11,2342,'picadily lane',97794,'Saint Paul','Iowa','USA',8,1,'E',0,29072.41,'Fish','',33,77,NULL),(344,4950061.86,'2003-09-14',0,2,7,2299,'oakland steet',3706,'Davenport','Texas','USA',6,2,'EW',0,96774.79,'Dogs, and Fish','',497,56,NULL),(345,8552674.54,'2007-02-12',0,2,3,9401,'wells road',25139,'Nampa','Kentucky','MEX',3,1,'E in rent',0,147321.03,'Fish','',207,87,NULL),(346,1068746.96,'2007-04-27',0,2,10,9537,'wabash lane',40532,'Southaven','Georgia','CAN',8,2,'EW',1,10535.78,'Cats, Dogs, and FishCats, and Fish','',406,28,NULL),(347,916882.35,'2021-12-29',0,2,9,4251,'wells lane',24141,'Spokane','Minnesota','CAN',8,2,'EW in rent',0,9091.26,'Cats, Dogs, and FishCats, and Fish','',379,113,NULL),(348,229568.00,'2013-11-13',1,2,9,2575,'cornville steet',22379,'Essex','Kentucky','MEX',6,1,'E in rent',1,1172.88,'Fish','',485,15,211),(349,5001186.22,'2015-01-13',0,2,10,6340,'wabash driveway',77587,'Pike Creek','Illinois','LUX',7,3,'E',0,65429.98,'None','',486,52,NULL),(350,5506059.64,'2013-12-22',0,2,12,8153,'peak road',24658,'Pike Creek','Wisconsin','CAN',11,2,'EW in rent',0,70530.30,'Fish','',385,44,NULL),(351,100398.59,'2012-04-25',0,1,0,4671,'undertable parkway',93215,'Grand Rapids','Delaware','MEX',1,1,'EW',1,1927.70,'Cats, Dogs, and FishCats, and Fish','',26,19,NULL),(352,4014910.63,'2007-10-13',1,2,7,4581,'innertable steet',49819,'Essex','Hawaii','MEX',7,2,'EW in rent',1,62243.52,'None','',384,72,NULL),(353,2911789.57,'2015-12-24',0,1,1,3598,'peak driveway',1337,'Grand Rapids','Louisiana','LUX',1,1,'E in rent',1,34281.16,'None','',117,108,NULL),(354,6190516.48,'2023-06-11',1,1,4,1884,'wells parkway',37476,'St. Petersburg','Ohio','CAN',3,1,'E in rent',0,63103.63,'None','',161,106,277),(355,1648832.38,'2009-01-28',1,1,9,3203,'kennelton road',96997,'Spokane','Louisiana','CAN',7,1,'EW in rent',1,9797.25,'None','',420,1,NULL),(356,4508138.76,'2023-05-18',0,2,9,8241,'quail steet',440,'Burlington','Texas','USA',5,3,'EW in rent',1,25612.90,'Dogs, and Fish','',275,105,34),(357,1732424.13,'2006-06-30',0,2,11,7805,'wabash parkway',74354,'Rockford','New Hampshire','USA',11,1,'EW',0,32422.16,'Dogs, and Fish','',390,57,NULL),(358,122963.41,'2017-09-06',0,1,9,3358,'woobriar avenue',16952,'Gaithersburg','Massachusetts','MEX',8,2,'EW',1,2260.13,'None','',88,48,NULL),(359,842048.58,'2011-10-28',0,1,9,9344,'innertable avenue',25023,'Cambridge','Arizona','USA',8,2,'E',1,5081.55,'Dogs, and Fish','',136,115,NULL),(360,671586.03,'2005-06-01',0,1,6,1232,'wells bypass',72883,'Tulsa','Wisconsin','USA',4,1,'E in rent',1,9449.14,'Cats, Dogs, and FishCats, and Fish','',158,79,203),(361,192069.30,'2007-05-22',0,1,9,1607,'sidetable bypass',22071,'Spokane','Virginia','MEX',6,1,'E in rent',0,2476.54,'Cats, Dogs, and FishCats, and Fish','',38,122,NULL),(362,1297640.99,'2018-10-20',1,1,11,9039,'quail avenue',15989,'Southaven','Puerto Rico','LUX',6,1,'E',1,25243.69,'Fish','',25,15,NULL),(363,7323834.85,'2008-04-23',1,2,10,2649,'quail parkway',78707,'Grand Rapids','Oklahoma','LUX',6,2,'E',1,90138.96,'Dogs, and Fish','',456,102,NULL),(364,7062946.46,'2022-02-23',0,1,9,3560,'quasi bypass',49105,'Rockford','Idaho','LUX',6,1,'E',1,86644.92,'Cats, Dogs, and FishCats, and Fish','',197,27,91),(365,6166514.79,'2010-02-26',0,2,5,8440,'wells avenue',96067,'Helena','Kentucky','USA',4,2,'EW',1,66584.11,'Cats, Dogs, and FishCats, and Fish','',253,31,NULL),(366,102174.12,'2008-08-04',0,1,12,4564,'leaf avenue',54256,'St. Petersburg','Delaware','MEX',10,2,'E in rent',0,948.54,'Cats, Dogs, and FishCats, and Fish','',109,73,NULL),(367,1121716.63,'2003-08-30',1,1,12,368,'oakland lane',31255,'Denver','Iowa','MEX',9,1,'E in rent',0,7564.77,'Dogs, and Fish','',220,77,169),(368,2862874.43,'2022-06-28',0,2,4,432,'oakland steet',8867,'Tulsa','Wyoming','MEX',4,1,'E in rent',0,28176.03,'Fish','',394,16,232),(369,1908593.57,'2005-05-18',0,2,5,8573,'woobriar bypass',81077,'Grand Rapids','Maryland','LUX',5,2,'E in rent',0,33135.59,'Dogs, and Fish','',138,123,54),(370,237683.85,'2007-11-28',1,2,5,8924,'sidetable steet',43380,'Missoula','North Carolina','LUX',5,1,'EW',1,3491.07,'None','',101,91,NULL),(371,8070256.71,'2006-06-21',1,2,8,2091,'quasi avenue',93003,'Minneapolis','North Carolina','MEX',5,2,'E in rent',0,129059.96,'Fish','',2,89,NULL),(372,4186582.23,'2022-09-04',1,1,0,9314,'quail lane',292,'Pike Creek','South Dakota','USA',1,1,'EW',0,71861.14,'Dogs, and Fish','',345,115,NULL),(373,318535.51,'2005-05-29',1,2,5,7332,'quail lane',18001,'Southaven','Minnesota','MEX',4,2,'E',1,2684.28,'None','',198,47,NULL),(374,357409.64,'2013-06-23',0,1,0,9133,'quasi parkway',63613,'Essex','Tennessee','CAN',1,1,'EW',1,2440.00,'None','',93,27,161),(375,5647790.56,'2003-01-21',1,2,6,2848,'washington lane',79838,'Burlington','Minnesota','USA',4,1,'E',0,90983.00,'Dogs, and Fish','',487,8,NULL),(376,127323.70,'2022-08-02',1,2,7,9337,'innertable road',79192,'St. Petersburg','Montana','USA',6,2,'E',1,1266.13,'Fish','',214,39,36),(377,7341945.98,'2020-03-11',0,1,9,719,'cornville steet',89555,'Missoula','South Carolina','LUX',6,1,'EW in rent',0,116162.83,'Cats, Dogs, and FishCats, and Fish','',462,103,NULL),(378,136668.81,'2015-11-06',1,1,2,8589,'oakland steet',26259,'Philadelphia','Colorado','USA',2,1,'EW in rent',0,2432.96,'Dogs, and Fish','',124,107,NULL),(379,136410.10,'2019-02-10',0,2,12,248,'peak parkway',67804,'Missoula','Vermont','LUX',8,3,'E in rent',1,1740.54,'Cats, Dogs, and FishCats, and Fish','',170,9,NULL),(380,423938.27,'2014-03-14',0,1,1,5183,'quasi steet',21712,'Minneapolis','New Mexico','USA',1,1,'EW in rent',1,6166.68,'Dogs, and Fish','',374,86,NULL),(381,6182951.76,'2005-10-07',0,2,6,3031,'wabash road',22205,'Essex','Arkansas','CAN',4,2,'EW',0,102557.10,'Fish','',44,91,NULL),(382,3034659.93,'2015-08-23',0,1,10,5219,'undertable bypass',1132,'Pike Creek','Hawaii','CAN',6,1,'E in rent',0,37525.66,'Cats, Dogs, and FishCats, and Fish','',104,30,135),(383,114957.88,'2018-03-05',0,1,3,3712,'leaf avenue',73065,'Minneapolis','Minor Outlying Islands','USA',3,1,'E',1,2228.17,'None','',105,30,NULL),(384,105405.94,'2013-01-31',0,1,1,5523,'woobriar parkway',96914,'Essex','Puerto Rico','USA',1,1,'EW in rent',1,1200.03,'Dogs, and Fish','',48,74,NULL),(385,2072211.15,'2019-08-27',1,2,11,96,'oakland road',36919,'Philadelphia','Delaware','USA',10,3,'E in rent',0,26141.61,'None','',104,115,135),(386,1576818.88,'2003-10-24',0,1,11,5090,'wabash driveway',86807,'Essex','Puerto Rico','LUX',8,2,'EW',1,26990.83,'Fish','',332,35,NULL),(387,559644.75,'2013-04-22',1,2,2,4209,'wells steet',48318,'Philadelphia','Iowa','LUX',2,1,'EW',1,5005.62,'Cats, Dogs, and FishCats, and Fish','',176,68,NULL),(388,1002175.40,'2008-05-06',0,1,3,2296,'oakland avenue',82205,'Missoula','South Dakota','USA',3,1,'EW',0,10946.71,'None','',51,78,NULL),(389,2731651.35,'2013-03-21',1,2,5,8731,'quail driveway',88068,'Spokane','Oregon','USA',5,1,'E in rent',0,14345.63,'Dogs, and Fish','',454,7,NULL),(390,384759.41,'2022-06-14',1,1,12,3225,'overtable avenue',20301,'Burlington','West Virginia','MEX',12,1,'EW',0,2563.48,'Dogs, and Fish','',75,75,NULL),(391,100000.30,'2017-05-09',0,2,6,5263,'kennelton parkway',59708,'Gaithersburg','Missouri','MEX',6,2,'E in rent',0,1416.53,'None','',113,43,266),(392,3783997.99,'2013-07-31',1,1,6,5499,'wells steet',18137,'Wichita','Missouri','CAN',4,1,'E in rent',0,58637.62,'None','',371,104,NULL),(393,8243515.63,'2018-08-12',0,1,1,7734,'kennelton lane',21605,'Southaven','Utah','USA',1,1,'EW',1,154370.40,'None','',449,2,NULL),(394,6440560.46,'2012-11-17',1,2,6,3559,'oakland driveway',85942,'Denver','New Mexico','CAN',5,2,'EW',0,114888.01,'Fish','',8,57,NULL),(395,169839.61,'2012-12-13',1,2,2,4805,'washington driveway',92559,'Nampa','South Dakota','LUX',2,1,'E in rent',1,2582.42,'Fish','',125,102,NULL),(396,112706.08,'2019-06-02',0,2,6,9043,'quasi lane',33826,'Davenport','Vermont','USA',5,1,'E in rent',1,1098.85,'Fish','',350,105,31),(397,109420.70,'2017-12-06',1,1,11,7742,'peak parkway',74983,'Denver','Wisconsin','LUX',8,3,'E',0,690.33,'Cats, Dogs, and FishCats, and Fish','',223,96,NULL),(398,148697.21,'2015-02-02',0,1,1,7051,'innertable steet',20148,'Saint Paul','South Dakota','LUX',1,1,'E in rent',1,2883.00,'None','',462,69,50),(399,6935177.11,'2002-04-23',1,2,12,3097,'picadily driveway',74052,'Minneapolis','Nebraska','USA',9,2,'EW in rent',1,64625.56,'Fish','',274,37,NULL),(400,8722480.55,'2002-03-15',1,2,4,8663,'woobriar road',71268,'Grand Rapids','Wyoming','USA',4,1,'E',0,53524.43,'None','',52,35,256);
/*!40000 ALTER TABLE `residence` ENABLE KEYS */;
UNLOCK TABLES;

--
-- Table structure for table `single_family_house`
--

DROP TABLE IF EXISTS `single_family_house`;
/*!40101 SET @saved_cs_client     = @@character_set_client */;
/*!50503 SET character_set_client = utf8mb4 */;
CREATE TABLE `single_family_house` (
  `single_family_house_id` int NOT NULL,
  `garage_count` smallint DEFAULT NULL,
  `house_id` int DEFAULT NULL,
  PRIMARY KEY (`single_family_house_id`),
  KEY `house_id` (`house_id`),
  CONSTRAINT `single_family_house_ibfk_1` FOREIGN KEY (`house_id`) REFERENCES `house` (`house_id`)
) ENGINE=InnoDB DEFAULT CHARSET=utf8mb4 COLLATE=utf8mb4_0900_ai_ci;
/*!40101 SET character_set_client = @saved_cs_client */;

--
-- Dumping data for table `single_family_house`
--

LOCK TABLES `single_family_house` WRITE;
/*!40000 ALTER TABLE `single_family_house` DISABLE KEYS */;
INSERT INTO `single_family_house` VALUES (1,1,57),(2,2,120),(3,1,58),(4,1,183),(5,1,117),(6,3,108),(7,2,248),(8,2,153),(9,3,36),(10,2,66),(11,1,118),(12,3,6),(13,2,25),(14,1,34),(15,2,128),(16,3,9),(17,3,250),(18,3,81),(19,3,196),(20,3,221),(21,1,103),(22,2,97),(23,2,168),(24,2,178),(25,3,21),(26,3,228),(27,1,211),(28,1,149),(29,2,142),(30,3,197),(31,3,122),(32,2,85),(33,3,107),(34,1,190),(35,3,192),(36,1,138),(37,2,162),(38,1,75),(39,1,11),(40,1,50),(41,1,109),(42,1,33),(43,2,23),(44,2,229),(45,3,172),(46,3,206),(47,3,8),(48,2,116),(49,3,135),(50,3,46),(51,1,67),(52,2,243),(53,1,150),(54,2,238),(55,3,216),(56,2,68),(57,3,17),(58,3,44),(59,2,239),(60,1,64),(61,2,234),(62,3,187),(63,2,170),(64,2,249),(65,2,42),(66,2,219),(67,2,141),(68,1,158),(69,2,225),(70,1,72),(71,2,73),(72,2,112),(73,3,214),(74,3,194),(75,1,189),(76,2,80),(77,1,163),(78,3,93),(79,2,247),(80,2,3),(81,3,126),(82,2,86),(83,3,13),(84,3,205),(85,1,48),(86,2,220),(87,1,79),(88,3,241),(89,3,2),(90,1,226),(91,1,32),(92,3,129),(93,3,174),(94,2,171),(95,1,20),(96,2,186),(97,2,54),(98,1,147),(99,1,113),(100,2,236),(101,1,29),(102,2,201),(103,3,242),(104,2,123),(105,2,198),(106,2,175),(107,3,45),(108,1,88),(109,1,40),(110,3,12),(111,2,191),(112,1,31),(113,3,222),(114,3,200),(115,1,140),(116,1,207),(117,2,69),(118,3,90),(119,1,39),(120,2,218),(121,3,106),(122,1,160),(123,2,52),(124,3,114),(125,3,22),(126,3,60),(127,3,151),(128,1,213),(129,2,5),(130,3,230),(131,3,154),(132,1,74),(133,3,28),(134,3,102),(135,2,244),(136,3,98),(137,2,202),(138,3,19),(139,2,133),(140,3,185),(141,1,18),(142,1,14),(143,2,166),(144,3,94),(145,3,16),(146,2,63),(147,3,56),(148,1,100),(149,3,30),(150,1,124),(151,3,71),(152,2,127),(153,2,77),(154,2,240),(155,3,177),(156,3,115),(157,3,146),(158,3,70),(159,2,215),(160,1,235),(161,1,180),(162,2,10),(163,3,131),(164,3,245),(165,1,95),(166,3,161),(167,1,188),(168,2,232),(169,2,212),(170,3,1),(171,1,104),(172,3,121),(173,1,155),(174,1,26),(175,2,148),(176,3,203),(177,2,156),(178,3,195),(179,3,87),(180,3,130),(181,3,24),(182,3,143),(183,3,217),(184,1,65),(185,3,49),(186,2,181),(187,2,51),(188,1,41),(189,3,35),(190,3,137),(191,1,165),(192,2,119),(193,1,182),(194,2,136),(195,1,224),(196,1,164),(197,1,199),(198,3,15),(199,2,227),(200,2,176);
/*!40000 ALTER TABLE `single_family_house` ENABLE KEYS */;
UNLOCK TABLES;

--
-- Table structure for table `wants_to_buy`
--

DROP TABLE IF EXISTS `wants_to_buy`;
/*!40101 SET @saved_cs_client     = @@character_set_client */;
/*!50503 SET character_set_client = utf8mb4 */;
CREATE TABLE `wants_to_buy` (
  `client_id` int NOT NULL,
  `residence_id` int NOT NULL,
  `rating` smallint DEFAULT NULL,
  `comments` varchar(140) DEFAULT NULL,
  PRIMARY KEY (`client_id`,`residence_id`),
  KEY `residence_id` (`residence_id`),
  CONSTRAINT `wants_to_buy_ibfk_1` FOREIGN KEY (`client_id`) REFERENCES `client` (`client_id`),
  CONSTRAINT `wants_to_buy_ibfk_2` FOREIGN KEY (`residence_id`) REFERENCES `residence` (`residence_id`)
) ENGINE=InnoDB DEFAULT CHARSET=utf8mb4 COLLATE=utf8mb4_0900_ai_ci;
/*!40101 SET character_set_client = @saved_cs_client */;

--
-- Dumping data for table `wants_to_buy`
--

LOCK TABLES `wants_to_buy` WRITE;
/*!40000 ALTER TABLE `wants_to_buy` DISABLE KEYS */;
INSERT INTO `wants_to_buy` VALUES (1,126,1,''),(3,189,3,''),(4,386,4,''),(5,132,5,''),(6,170,5,''),(7,193,5,''),(8,123,5,''),(9,344,4,''),(11,87,4,''),(12,5,3,''),(13,74,3,''),(15,380,2,''),(16,196,3,''),(17,102,5,''),(18,260,3,''),(19,389,1,''),(20,217,2,''),(21,181,1,''),(22,240,1,''),(23,25,2,''),(24,177,2,''),(25,301,1,''),(26,258,4,''),(27,310,5,''),(28,5,4,''),(29,182,5,''),(30,400,5,''),(33,393,2,''),(36,284,2,''),(37,373,2,''),(38,29,5,''),(40,254,1,''),(41,50,5,''),(42,289,1,''),(44,264,2,''),(45,384,1,''),(46,375,2,''),(47,285,5,''),(48,188,5,''),(49,293,1,''),(50,210,3,''),(51,248,3,''),(53,174,5,''),(55,96,3,''),(56,222,2,''),(57,238,1,''),(58,81,3,''),(59,380,2,''),(60,226,3,''),(61,52,5,''),(62,65,1,''),(63,333,3,''),(64,239,3,''),(65,367,3,''),(66,313,5,''),(69,113,1,''),(70,10,4,''),(71,25,3,''),(72,292,3,''),(73,176,5,''),(74,87,4,''),(75,45,3,''),(76,190,5,''),(78,61,4,''),(79,61,3,''),(80,41,1,''),(81,168,5,''),(83,269,3,''),(84,201,5,''),(85,264,4,''),(86,260,5,''),(87,77,5,''),(88,26,3,''),(89,242,2,''),(90,278,3,''),(91,168,4,''),(92,344,1,''),(93,133,4,''),(94,74,5,''),(95,63,4,''),(96,17,5,''),(97,188,3,''),(98,73,5,''),(99,338,3,''),(100,200,5,''),(101,38,4,''),(102,67,1,''),(103,197,1,''),(104,234,1,''),(105,217,4,''),(107,388,3,''),(108,69,2,''),(110,100,1,''),(111,392,3,''),(112,247,1,''),(113,369,1,''),(115,255,3,''),(117,139,2,''),(118,101,4,''),(119,86,4,''),(120,309,1,''),(123,267,1,''),(125,39,3,''),(126,387,2,''),(127,362,4,''),(128,358,4,''),(129,139,5,''),(130,331,1,''),(131,380,5,''),(132,286,5,''),(133,100,2,''),(134,37,3,''),(135,101,2,''),(136,313,2,''),(137,383,4,''),(138,386,2,''),(139,27,1,''),(140,77,5,''),(141,51,3,''),(142,129,1,''),(143,98,5,''),(144,68,3,''),(145,82,3,''),(146,326,4,''),(147,339,2,''),(148,105,1,''),(149,355,4,''),(150,353,2,''),(152,101,1,''),(153,6,2,''),(155,231,2,''),(156,210,3,''),(157,235,1,''),(159,250,1,''),(160,295,3,''),(161,171,1,''),(162,100,2,''),(163,400,4,''),(164,314,5,''),(165,154,5,''),(166,188,3,''),(167,72,3,''),(168,131,4,''),(169,252,5,''),(170,165,2,''),(171,366,3,''),(172,349,2,''),(173,225,1,''),(174,41,3,''),(175,185,5,''),(176,290,2,''),(177,30,2,''),(178,14,1,''),(179,356,1,''),(180,257,2,''),(182,225,5,''),(183,164,3,''),(184,313,2,''),(185,88,2,''),(186,190,4,''),(187,194,2,''),(188,270,3,''),(189,137,5,''),(190,1,1,''),(191,111,5,''),(193,129,1,''),(195,39,2,''),(196,271,2,''),(197,86,3,''),(198,69,2,''),(199,332,5,''),(200,364,1,''),(201,304,4,''),(205,11,2,''),(207,214,4,''),(208,190,2,''),(209,343,4,''),(210,48,2,''),(211,160,5,''),(212,114,2,''),(213,36,1,''),(214,397,4,''),(215,93,1,''),(216,56,4,''),(217,224,4,''),(218,71,1,''),(219,385,1,''),(220,45,5,''),(221,242,1,''),(222,239,2,''),(223,242,4,''),(224,180,3,''),(225,224,5,''),(226,286,4,''),(227,219,2,''),(228,356,2,''),(229,64,1,''),(230,30,5,''),(231,222,2,''),(232,171,3,''),(233,355,5,''),(234,228,4,''),(236,52,3,''),(237,176,5,''),(238,218,1,''),(241,59,3,''),(242,262,3,''),(243,217,3,''),(244,59,4,''),(246,390,2,''),(247,265,1,''),(248,308,2,''),(249,63,4,''),(250,2,3,''),(251,200,3,''),(253,106,4,''),(254,296,5,''),(256,118,5,''),(257,120,3,''),(259,169,3,''),(260,98,4,''),(261,191,2,''),(262,389,2,''),(264,218,3,''),(265,279,1,''),(268,68,1,''),(269,287,1,''),(272,164,2,''),(273,156,3,''),(274,12,1,''),(276,355,3,''),(277,287,3,''),(278,185,2,''),(279,277,4,''),(280,279,2,''),(281,343,1,''),(284,66,4,''),(285,278,3,''),(287,194,4,''),(288,186,1,''),(289,305,1,''),(290,32,2,''),(291,342,2,''),(292,79,2,''),(293,14,4,''),(294,112,2,''),(295,359,4,''),(296,216,5,''),(298,213,3,''),(300,77,5,'');
/*!40000 ALTER TABLE `wants_to_buy` ENABLE KEYS */;
UNLOCK TABLES;
/*!40103 SET TIME_ZONE=@OLD_TIME_ZONE */;

/*!40101 SET SQL_MODE=@OLD_SQL_MODE */;
/*!40014 SET FOREIGN_KEY_CHECKS=@OLD_FOREIGN_KEY_CHECKS */;
/*!40014 SET UNIQUE_CHECKS=@OLD_UNIQUE_CHECKS */;
/*!40101 SET CHARACTER_SET_CLIENT=@OLD_CHARACTER_SET_CLIENT */;
/*!40101 SET CHARACTER_SET_RESULTS=@OLD_CHARACTER_SET_RESULTS */;
/*!40101 SET COLLATION_CONNECTION=@OLD_COLLATION_CONNECTION */;
/*!40111 SET SQL_NOTES=@OLD_SQL_NOTES */;

-- Dump completed on 2023-08-05 11:07:23
